year,title,url,filename,extension,is_annex_xlsx
2025,Relatório de Sinistralidade 24h fiscalização e contraordenações rodoviárias de setembro de 2025,http://www.ansr.pt/Estatisticas/RelatoriosDeSinistralidade/Documents/2025/Relatório de Sinistralidade 24h fiscalização e contraordenações rodoviárias de setembro de 2025.pdf,Relatório de Sinistralidade 24h fiscalização e contraordenações rodoviárias de setembro de 2025.pdf,pdf,False
2025,"Anexo ao Relatório de Sinistralidade 24h, fiscalização e contraordenações rodoviárias de setembro de 2025","http://www.ansr.pt/Estatisticas/RelatoriosDeSinistralidade/Documents/2025/Anexo ao Relatório de Sinistralidade 24h, fiscalização e contraordenações rodoviárias_setembro de 2025.xlsx","Anexo ao Relatório de Sinistralidade 24h, fiscalização e contraordenações rodoviárias_setembro de 2025.xlsx",xlsx,True
2024,"Relatório Anual de Sinistralidade a 30 dias, fiscalização e contraordenações rodoviárias 2024","http://www.ansr.pt/Estatisticas/RelatoriosDeSinistralidade/Documents/2024/Relatório Anual de Sinistralidade a 30 dias, fiscalização e contraordenações rodoviárias 2024.pdf","Relatório Anual de Sinistralidade a 30 dias, fiscalização e contraordenações rodoviárias 2024.pdf",pdf,False
2024,"Anexo ao Relatório Anual de Sinistralidade a 30 dias, fiscalização e contraordenações rodoviárias 2024","http://www.ansr.pt/Estatisticas/RelatoriosDeSinistralidade/Documents/2024/Anexo ao Relatório Anual de Sinistralidade a 30 dias, fiscalização e contraordenações rodoviárias 2024.xlsx","Anexo ao Relatório Anual de Sinistralidade a 30 dias, fiscalização e contraordenações rodoviárias 2024.xlsx",xlsx,True
2024,Relatório Anual de Sinistralidade 24 horas e fiscalização rodoviária 2024,http://www.ansr.pt/Estatisticas/RelatoriosDeSinistralidade/Documents/2024/Relatório Anual de Sinistralidade 24h e fiscalização rodoviária de 2024.pdf,Relatório Anual de Sinistralidade 24h e fiscalização rodoviária de 2024.pdf,pdf,False
2024,Anexo ao Relatório Anual de Sinistralidade 24 horas e fiscalização rodoviária 2024,http://www.ansr.pt/Estatisticas/RelatoriosDeSinistralidade/Documents/2024/Cópia de Cópia de Anexo ao Relatório Anual de Sinistralidade 24h e fiscalização rodoviária 2024.xlsx,Cópia de Cópia de Anexo ao Relatório Anual de Sinistralidade 24h e fiscalização rodoviária 2024.xlsx,xlsx,True
2023,"Relatório Anual de Sinistralidade a 30 dias, fiscalização e contraordenações rodoviárias 2023","http://www.ansr.pt/Estatisticas/RelatoriosDeSinistralidade/Documents/2023/Relatório Anual de Sinistralidade a 30 dias, fiscalização e contraordenações rodoviárias 2023.pdf","Relatório Anual de Sinistralidade a 30 dias, fiscalização e contraordenações rodoviárias 2023.pdf",pdf,False
2023,"Anexo ao Relatório Anual de Sinistralidade a 30 Dias, fiscalização e contraordenações rodoviárias 2023","http://www.ansr.pt/Estatisticas/RelatoriosDeSinistralidade/Documents/2023/Cópia de Anexo ao Relatório Anual de Sinistralidade a 30 dias, fiscalização e contraordenações rodoviárias 2023.xlsx","Cópia de Anexo ao Relatório Anual de Sinistralidade a 30 dias, fiscalização e contraordenações rodoviárias 2023.xlsx",xlsx,True
2023,"Relatório Anual de Sinistralidade a 24 horas, fiscalização e contraordenações rodoviárias 2023","http://www.ansr.pt/Estatisticas/RelatoriosDeSinistralidade/Documents/2023/Relatório Anual de Sinistralidade a 24h, fiscalização e contraordenações rodoviárias 2023 (1).pdf","Relatório Anual de Sinistralidade a 24h, fiscalização e contraordenações rodoviárias 2023 (1).pdf",pdf,False
2023,"Anexo ao Relatório Anual de Sinistralidade a 24 horas, fiscalização e contraordenações rodoviárias 2023","http://www.ansr.pt/Estatisticas/RelatoriosDeSinistralidade/Documents/2023/Cópia de Anexo ao Relatório Anual de Sinistralidade a 24h, fiscalização e contraordenações rodoviárias 2023.xlsx","Cópia de Anexo ao Relatório Anual de Sinistralidade a 24h, fiscalização e contraordenações rodoviárias 2023.xlsx",xlsx,True
2023,Relatório Pontos Negros 2023,http://www.ansr.pt/Estatisticas/RelatoriosDeSinistralidade/Documents/2023/Relatório Pontos Negros 2023.pdf,Relatório Pontos Negros 2023.pdf,pdf,False
2022,"Relatório Anual de Sinistralidade a 30 dias, fiscalização e contraordenações rodoviárias 2022","http://www.ansr.pt/Estatisticas/RelatoriosDeSinistralidade/Documents/2022/Relatório Anual de Sinistralidade a 30 dias, fiscalização e contraordenações rodoviárias 2022.pdf","Relatório Anual de Sinistralidade a 30 dias, fiscalização e contraordenações rodoviárias 2022.pdf",pdf,False
2022,"Anexo ao Relatório Anual de Sinistralidade a 30 Dias, fiscalização e contraordenações rodoviárias 2023","http://www.ansr.pt/Estatisticas/RelatoriosDeSinistralidade/Documents/2022/Cópia de Anexo ao Relatório Anual de Sinistralidade a 30 dias, fiscalização e contraordenações rodoviárias 2022.xlsx","Cópia de Anexo ao Relatório Anual de Sinistralidade a 30 dias, fiscalização e contraordenações rodoviárias 2022.xlsx",xlsx,True
2022,"Relatório Anual de Sinistralidade a 24 horas, fiscalização e contraordenações rodoviárias 2022","http://www.ansr.pt/Estatisticas/RelatoriosDeSinistralidade/Documents/2022/Relatório Anual de Sinistralidade a 24h, fiscalização e contraordenações rodoviárias 2022.pdf","Relatório Anual de Sinistralidade a 24h, fiscalização e contraordenações rodoviárias 2022.pdf",pdf,False
2021,"Anexo ao Relatório Anual de Sinistralidade a 30 dias, fiscalização e contraordenações rodoviárias 2021","http://www.ansr.pt/Estatisticas/RelatoriosDeSinistralidade/Documents/2021/Anexo ao Relatório Anual de Sinistralidade a 30 dias, fiscalização e contraordenações rodoviárias 2021.xlsx","Anexo ao Relatório Anual de Sinistralidade a 30 dias, fiscalização e contraordenações rodoviárias 2021.xlsx",xlsx,True
2021,"Relatório Anual de Sinistralidade a 30 dias, fiscalização e contraordenações rodoviárias 2021","http://www.ansr.pt/Estatisticas/RelatoriosDeSinistralidade/Documents/2021/Relatório Anual de Sinistralidade a 30 dias, fiscalização e contraordenações rodoviárias 2021.pdf","Relatório Anual de Sinistralidade a 30 dias, fiscalização e contraordenações rodoviárias 2021.pdf",pdf,False
2021,Relatório Anual de Sinistralidade a 24 horas e fiscalização rodoviária 2021,"http://www.ansr.pt/Estatisticas/RelatoriosDeSinistralidade/Documents/2021/Relatório Anual de Sinistralidade a 24h, fiscalização e contraordenações rodoviárias 2021.pdf","Relatório Anual de Sinistralidade a 24h, fiscalização e contraordenações rodoviárias 2021.pdf",pdf,False
2020,"Anexo ao Relatório Anual de Sinistralidade a 30 dias, fiscalização e contraordenações rodoviárias 2020","http://www.ansr.pt/Estatisticas/RelatoriosDeSinistralidade/Documents/2020/Anexo ao Relatório Anual de Sinistralidade a 30 dias, fiscalização e contraordenações rodoviárias 2020.xlsx","Anexo ao Relatório Anual de Sinistralidade a 30 dias, fiscalização e contraordenações rodoviárias 2020.xlsx",xlsx,True
2020,"Relatório Anual de Sinistralidade a 30 dias, fiscalização e contraordenações rodoviárias 2020","http://www.ansr.pt/Estatisticas/RelatoriosDeSinistralidade/Documents/2020/Relatório Anual de Sinistralidade a 30 dias, fiscalização e contraordenações rodoviárias 2020.pdf","Relatório Anual de Sinistralidade a 30 dias, fiscalização e contraordenações rodoviárias 2020.pdf",pdf,False
2020,Relatório Anual de Sinistralidade a 24 horas e fiscalização rodoviária 2020,"http://www.ansr.pt/Estatisticas/RelatoriosDeSinistralidade/Documents/2020/Relatório Anual de Sinistralidade a 24h, fiscalização e contraordenações rodoviárias 2020.pdf","Relatório Anual de Sinistralidade a 24h, fiscalização e contraordenações rodoviárias 2020.pdf",pdf,False
2019,Relatório Anual de Sinistralidade Rodoviária 2019,http://www.ansr.pt/Estatisticas/RelatoriosDeSinistralidade/Documents/2019/Relatório Anual Sinistralidade Rodoviária 2019.pdf,Relatório Anual Sinistralidade Rodoviária 2019.pdf,pdf,False
2018,Aveiro,http://www.ansr.pt/Estatisticas/RelatoriosDeSinistralidade/Documents/2018/RELATÓRIO ANUAL - VÍTIMAS A 24 HORAS/Aveiro 2018 24h.pdf,Aveiro 2018 24h.pdf,pdf,False
2018,Beja,http://www.ansr.pt/Estatisticas/RelatoriosDeSinistralidade/Documents/2018/RELATÓRIO ANUAL - VÍTIMAS A 24 HORAS/Beja 2018 24h.pdf,Beja 2018 24h.pdf,pdf,False
2018,Braga,http://www.ansr.pt/Estatisticas/RelatoriosDeSinistralidade/Documents/2018/RELATÓRIO ANUAL - VÍTIMAS A 24 HORAS/Braga 2018 24h.pdf,Braga 2018 24h.pdf,pdf,False
2018,Bragança,http://www.ansr.pt/Estatisticas/RelatoriosDeSinistralidade/Documents/2018/RELATÓRIO ANUAL - VÍTIMAS A 24 HORAS/Bragança 2018 24h.pdf,Bragança 2018 24h.pdf,pdf,False
2018,Castelo Branco,http://www.ansr.pt/Estatisticas/RelatoriosDeSinistralidade/Documents/2018/RELATÓRIO ANUAL - VÍTIMAS A 24 HORAS/Castelo Branco 2018 24h.pdf,Castelo Branco 2018 24h.pdf,pdf,False
2018,Coimbra,http://www.ansr.pt/Estatisticas/RelatoriosDeSinistralidade/Documents/2018/RELATÓRIO ANUAL - VÍTIMAS A 24 HORAS/Coimbra 2018 24h.pdf,Coimbra 2018 24h.pdf,pdf,False
2018,Évora,http://www.ansr.pt/Estatisticas/RelatoriosDeSinistralidade/Documents/2018/RELATÓRIO ANUAL - VÍTIMAS A 24 HORAS/Évora 2018 24h.pdf,Évora 2018 24h.pdf,pdf,False
2018,Faro,http://www.ansr.pt/Estatisticas/RelatoriosDeSinistralidade/Documents/2018/RELATÓRIO ANUAL - VÍTIMAS A 24 HORAS/Faro 2018 24h.pdf,Faro 2018 24h.pdf,pdf,False
2018,Guarda,http://www.ansr.pt/Estatisticas/RelatoriosDeSinistralidade/Documents/2018/RELATÓRIO ANUAL - VÍTIMAS A 24 HORAS/Guarda 2018 24h.pdf,Guarda 2018 24h.pdf,pdf,False
2018,Leiria,http://www.ansr.pt/Estatisticas/RelatoriosDeSinistralidade/Documents/2018/RELATÓRIO ANUAL - VÍTIMAS A 24 HORAS/Leiria 2018 24h.pdf,Leiria 2018 24h.pdf,pdf,False
2018,Portalegre,http://www.ansr.pt/Estatisticas/RelatoriosDeSinistralidade/Documents/2018/RELATÓRIO ANUAL - VÍTIMAS A 24 HORAS/Portalegre 2018 24h.pdf,Portalegre 2018 24h.pdf,pdf,False
2018,Porto,http://www.ansr.pt/Estatisticas/RelatoriosDeSinistralidade/Documents/2018/RELATÓRIO ANUAL - VÍTIMAS A 24 HORAS/Porto 2019 24h.pdf,Porto 2019 24h.pdf,pdf,False
2018,Santarém,http://www.ansr.pt/Estatisticas/RelatoriosDeSinistralidade/Documents/2018/RELATÓRIO ANUAL - VÍTIMAS A 24 HORAS/Santarém 2018 24h.pdf,Santarém 2018 24h.pdf,pdf,False
2018,Setúbal,http://www.ansr.pt/Estatisticas/RelatoriosDeSinistralidade/Documents/2018/RELATÓRIO ANUAL - VÍTIMAS A 24 HORAS/Setúbal 2018 24h.pdf,Setúbal 2018 24h.pdf,pdf,False
2018,Viana do Castelo,http://www.ansr.pt/Estatisticas/RelatoriosDeSinistralidade/Documents/2018/RELATÓRIO ANUAL - VÍTIMAS A 24 HORAS/Viana do Castelo 2018 24h.pdf,Viana do Castelo 2018 24h.pdf,pdf,False
2018,Vila Real,http://www.ansr.pt/Estatisticas/RelatoriosDeSinistralidade/Documents/2018/RELATÓRIO ANUAL - VÍTIMAS A 24 HORAS/Vila Real 2018 24h.pdf,Vila Real 2018 24h.pdf,pdf,False
2018,Viseu,http://www.ansr.pt/Estatisticas/RelatoriosDeSinistralidade/Documents/2018/RELATÓRIO ANUAL - VÍTIMAS A 24 HORAS/Viseu 2018 24h.pdf,Viseu 2018 24h.pdf,pdf,False
2018,Lisboa 2018 24h,http://www.ansr.pt/Estatisticas/RelatoriosDeSinistralidade/Documents/2018/RELATÓRIO ANUAL - VÍTIMAS A 24 HORAS/Lisboa 2018 24h.pdf,Lisboa 2018 24h.pdf,pdf,False
2018,Relatório Anual Sinistralidade Rodoviária 2018 -24 horas,http://www.ansr.pt/Estatisticas/RelatoriosDeSinistralidade/Documents/2018/RELATÓRIO ANUAL - VÍTIMAS A 24 HORAS/Relatório Anual Sinistralidade Rodoviária 2018 -24 horas.pdf,Relatório Anual Sinistralidade Rodoviária 2018 -24 horas.pdf,pdf,False
2018,Aveiro,http://www.ansr.pt/Estatisticas/RelatoriosDeSinistralidade/Documents/2018/RELATÓRIO ANUAL - VÍTIMAS A 30 DIAS/Aveiro 2018 30d.pdf,Aveiro 2018 30d.pdf,pdf,False
2018,Beja,http://www.ansr.pt/Estatisticas/RelatoriosDeSinistralidade/Documents/2018/RELATÓRIO ANUAL - VÍTIMAS A 30 DIAS/Beja 2018 30d.pdf,Beja 2018 30d.pdf,pdf,False
2018,Braga,http://www.ansr.pt/Estatisticas/RelatoriosDeSinistralidade/Documents/2018/RELATÓRIO ANUAL - VÍTIMAS A 30 DIAS/Braga 2018 30d.pdf,Braga 2018 30d.pdf,pdf,False
2018,Bragança,http://www.ansr.pt/Estatisticas/RelatoriosDeSinistralidade/Documents/2018/RELATÓRIO ANUAL - VÍTIMAS A 30 DIAS/Bragança 2018 30d.pdf,Bragança 2018 30d.pdf,pdf,False
2018,Castelo Branco,http://www.ansr.pt/Estatisticas/RelatoriosDeSinistralidade/Documents/2018/RELATÓRIO ANUAL - VÍTIMAS A 30 DIAS/Castelo Branco 2018 30d.pdf,Castelo Branco 2018 30d.pdf,pdf,False
2018,Coimbra,http://www.ansr.pt/Estatisticas/RelatoriosDeSinistralidade/Documents/2018/RELATÓRIO ANUAL - VÍTIMAS A 30 DIAS/Coimbra 2018 30d.pdf,Coimbra 2018 30d.pdf,pdf,False
2018,Évora,http://www.ansr.pt/Estatisticas/RelatoriosDeSinistralidade/Documents/2018/RELATÓRIO ANUAL - VÍTIMAS A 30 DIAS/Évora 2018 30d.pdf,Évora 2018 30d.pdf,pdf,False
2018,Faro,http://www.ansr.pt/Estatisticas/RelatoriosDeSinistralidade/Documents/2018/RELATÓRIO ANUAL - VÍTIMAS A 30 DIAS/Faro 2018 30d.pdf,Faro 2018 30d.pdf,pdf,False
2018,Guarda,http://www.ansr.pt/Estatisticas/RelatoriosDeSinistralidade/Documents/2018/RELATÓRIO ANUAL - VÍTIMAS A 30 DIAS/Guarda 2018 30d.pdf,Guarda 2018 30d.pdf,pdf,False
2018,Leiria,http://www.ansr.pt/Estatisticas/RelatoriosDeSinistralidade/Documents/2018/RELATÓRIO ANUAL - VÍTIMAS A 30 DIAS/Leiria 2018 30d.pdf,Leiria 2018 30d.pdf,pdf,False
2018,Lisboa,http://www.ansr.pt/Estatisticas/RelatoriosDeSinistralidade/Documents/2018/RELATÓRIO ANUAL - VÍTIMAS A 30 DIAS/Lisboa 2018 30d.pdf,Lisboa 2018 30d.pdf,pdf,False
2018,Portalegre,http://www.ansr.pt/Estatisticas/RelatoriosDeSinistralidade/Documents/2018/RELATÓRIO ANUAL - VÍTIMAS A 30 DIAS/Portalegre 2018 30d.pdf,Portalegre 2018 30d.pdf,pdf,False
2018,Porto,http://www.ansr.pt/Estatisticas/RelatoriosDeSinistralidade/Documents/2018/RELATÓRIO ANUAL - VÍTIMAS A 30 DIAS/Porto 2018 30d.pdf,Porto 2018 30d.pdf,pdf,False
2018,Santarém,http://www.ansr.pt/Estatisticas/RelatoriosDeSinistralidade/Documents/2018/RELATÓRIO ANUAL - VÍTIMAS A 30 DIAS/Santarém 2018 30d.pdf,Santarém 2018 30d.pdf,pdf,False
2018,Setúbal,http://www.ansr.pt/Estatisticas/RelatoriosDeSinistralidade/Documents/2018/RELATÓRIO ANUAL - VÍTIMAS A 30 DIAS/Setúbal 2018 30d.pdf,Setúbal 2018 30d.pdf,pdf,False
2018,Viana do Castelo,http://www.ansr.pt/Estatisticas/RelatoriosDeSinistralidade/Documents/2018/RELATÓRIO ANUAL - VÍTIMAS A 30 DIAS/Viana do Castelo 2018 30d.pdf,Viana do Castelo 2018 30d.pdf,pdf,False
2018,Vila Real,http://www.ansr.pt/Estatisticas/RelatoriosDeSinistralidade/Documents/2018/RELATÓRIO ANUAL - VÍTIMAS A 30 DIAS/Vila Real 2018 30d.pdf,Vila Real 2018 30d.pdf,pdf,False
2018,Viseu,http://www.ansr.pt/Estatisticas/RelatoriosDeSinistralidade/Documents/2018/RELATÓRIO ANUAL - VÍTIMAS A 30 DIAS/Viseu 2018 30d.pdf,Viseu 2018 30d.pdf,pdf,False
2018,Relatório Anual Sinistralidade Rodoviária 2018 - 30 dias,http://www.ansr.pt/Estatisticas/RelatoriosDeSinistralidade/Documents/2018/RELATÓRIO ANUAL - VÍTIMAS A 30 DIAS/Relatório Anual Sinistralidade Rodoviária 2018 - 30 dias.pdf,Relatório Anual Sinistralidade Rodoviária 2018 - 30 dias.pdf,pdf,False
2017,Aveiro,http://www.ansr.pt/Estatisticas/RelatoriosDeSinistralidade/Documents/2017/RELATÓRIO ANUAL - VÍTIMAS A 24 HORAS/Aveiro 2017 24h.pdf,Aveiro 2017 24h.pdf,pdf,False
2017,Beja,http://www.ansr.pt/Estatisticas/RelatoriosDeSinistralidade/Documents/2017/RELATÓRIO ANUAL - VÍTIMAS A 24 HORAS/Beja 2017 24h.pdf,Beja 2017 24h.pdf,pdf,False
2017,Braga,http://www.ansr.pt/Estatisticas/RelatoriosDeSinistralidade/Documents/2017/RELATÓRIO ANUAL - VÍTIMAS A 24 HORAS/Braga 2017 24h.pdf,Braga 2017 24h.pdf,pdf,False
2017,Bragança,http://www.ansr.pt/Estatisticas/RelatoriosDeSinistralidade/Documents/2017/RELATÓRIO ANUAL - VÍTIMAS A 24 HORAS/Bragança 2017 24h.pdf,Bragança 2017 24h.pdf,pdf,False
2017,Castelo Branco,http://www.ansr.pt/Estatisticas/RelatoriosDeSinistralidade/Documents/2017/RELATÓRIO ANUAL - VÍTIMAS A 24 HORAS/Castelo Branco 2017 24h.pdf,Castelo Branco 2017 24h.pdf,pdf,False
2017,Coimbra,http://www.ansr.pt/Estatisticas/RelatoriosDeSinistralidade/Documents/2017/RELATÓRIO ANUAL - VÍTIMAS A 24 HORAS/Coimbra 2017 24h.pdf,Coimbra 2017 24h.pdf,pdf,False
2017,Évora,http://www.ansr.pt/Estatisticas/RelatoriosDeSinistralidade/Documents/2017/RELATÓRIO ANUAL - VÍTIMAS A 24 HORAS/Évora 2017 24h.pdf,Évora 2017 24h.pdf,pdf,False
2017,Faro,http://www.ansr.pt/Estatisticas/RelatoriosDeSinistralidade/Documents/2017/RELATÓRIO ANUAL - VÍTIMAS A 24 HORAS/Faro 2017 24h.pdf,Faro 2017 24h.pdf,pdf,False
2017,Guarda,http://www.ansr.pt/Estatisticas/RelatoriosDeSinistralidade/Documents/2017/RELATÓRIO ANUAL - VÍTIMAS A 24 HORAS/Guarda 2017 24h.pdf,Guarda 2017 24h.pdf,pdf,False
2017,Leiria,http://www.ansr.pt/Estatisticas/RelatoriosDeSinistralidade/Documents/2017/RELATÓRIO ANUAL - VÍTIMAS A 24 HORAS/Leiria 2017 24h.pdf,Leiria 2017 24h.pdf,pdf,False
2017,Lisboa,http://www.ansr.pt/Estatisticas/RelatoriosDeSinistralidade/Documents/2017/RELATÓRIO ANUAL - VÍTIMAS A 24 HORAS/Lisboa 2017 24h.pdf,Lisboa 2017 24h.pdf,pdf,False
2017,Portalegre,http://www.ansr.pt/Estatisticas/RelatoriosDeSinistralidade/Documents/2017/RELATÓRIO ANUAL - VÍTIMAS A 24 HORAS/Portalegre 2017 24h.pdf,Portalegre 2017 24h.pdf,pdf,False
2017,Porto,http://www.ansr.pt/Estatisticas/RelatoriosDeSinistralidade/Documents/2017/RELATÓRIO ANUAL - VÍTIMAS A 24 HORAS/Porto 2017 24h.pdf,Porto 2017 24h.pdf,pdf,False
2017,Santarém,http://www.ansr.pt/Estatisticas/RelatoriosDeSinistralidade/Documents/2017/RELATÓRIO ANUAL - VÍTIMAS A 24 HORAS/Santarém 2017 24h.pdf,Santarém 2017 24h.pdf,pdf,False
2017,Setúbal,http://www.ansr.pt/Estatisticas/RelatoriosDeSinistralidade/Documents/2017/RELATÓRIO ANUAL - VÍTIMAS A 24 HORAS/Setúbal 2017 24h.pdf,Setúbal 2017 24h.pdf,pdf,False
2017,Viana do Castelo,http://www.ansr.pt/Estatisticas/RelatoriosDeSinistralidade/Documents/2017/RELATÓRIO ANUAL - VÍTIMAS A 24 HORAS/Viana do Castelo 2017 24h.pdf,Viana do Castelo 2017 24h.pdf,pdf,False
2017,Vila Real,http://www.ansr.pt/Estatisticas/RelatoriosDeSinistralidade/Documents/2017/RELATÓRIO ANUAL - VÍTIMAS A 24 HORAS/Vila Real 2017 24h.pdf,Vila Real 2017 24h.pdf,pdf,False
2017,Viseu,http://www.ansr.pt/Estatisticas/RelatoriosDeSinistralidade/Documents/2017/RELATÓRIO ANUAL - VÍTIMAS A 24 HORAS/Viseu 2017 24h.pdf,Viseu 2017 24h.pdf,pdf,False
2017,Relatório Anual Sinistralidade Rodoviária 2017 24horas,http://www.ansr.pt/Estatisticas/RelatoriosDeSinistralidade/Documents/2017/RELATÓRIO ANUAL - VÍTIMAS A 24 HORAS/Relatório Anual Sinistralidade Rodoviária 2017 - 24horas.pdf,Relatório Anual Sinistralidade Rodoviária 2017 - 24horas.pdf,pdf,False
2017,Aveiro,http://www.ansr.pt/Estatisticas/RelatoriosDeSinistralidade/Documents/2017/RELATÓRIO ANUAL - VÍTIMAS A 30 DIAS/Aveiro.pdf,Aveiro.pdf,pdf,False
2017,Beja,http://www.ansr.pt/Estatisticas/RelatoriosDeSinistralidade/Documents/2017/RELATÓRIO ANUAL - VÍTIMAS A 30 DIAS/Beja.pdf,Beja.pdf,pdf,False
2017,Braga,http://www.ansr.pt/Estatisticas/RelatoriosDeSinistralidade/Documents/2017/RELATÓRIO ANUAL - VÍTIMAS A 30 DIAS/Braga.pdf,Braga.pdf,pdf,False
2017,Bragança,http://www.ansr.pt/Estatisticas/RelatoriosDeSinistralidade/Documents/2017/RELATÓRIO ANUAL - VÍTIMAS A 30 DIAS/Bragança.pdf,Bragança.pdf,pdf,False
2017,Castelo Branco,http://www.ansr.pt/Estatisticas/RelatoriosDeSinistralidade/Documents/2017/RELATÓRIO ANUAL - VÍTIMAS A 30 DIAS/Castelo Branco.pdf,Castelo Branco.pdf,pdf,False
2017,Coimbra,http://www.ansr.pt/Estatisticas/RelatoriosDeSinistralidade/Documents/2017/RELATÓRIO ANUAL - VÍTIMAS A 30 DIAS/Coimbra.pdf,Coimbra.pdf,pdf,False
2017,Évora,http://www.ansr.pt/Estatisticas/RelatoriosDeSinistralidade/Documents/2017/RELATÓRIO ANUAL - VÍTIMAS A 30 DIAS/Évora.pdf,Évora.pdf,pdf,False
2017,Faro,http://www.ansr.pt/Estatisticas/RelatoriosDeSinistralidade/Documents/2017/RELATÓRIO ANUAL - VÍTIMAS A 30 DIAS/Faro.pdf,Faro.pdf,pdf,False
2017,Guarda,http://www.ansr.pt/Estatisticas/RelatoriosDeSinistralidade/Documents/2017/RELATÓRIO ANUAL - VÍTIMAS A 30 DIAS/Guarda.pdf,Guarda.pdf,pdf,False
2017,Leiria,http://www.ansr.pt/Estatisticas/RelatoriosDeSinistralidade/Documents/2017/RELATÓRIO ANUAL - VÍTIMAS A 30 DIAS/Leiria.pdf,Leiria.pdf,pdf,False
2017,Lisboa,http://www.ansr.pt/Estatisticas/RelatoriosDeSinistralidade/Documents/2017/RELATÓRIO ANUAL - VÍTIMAS A 30 DIAS/Lisboa.pdf,Lisboa.pdf,pdf,False
2017,Portalegre,http://www.ansr.pt/Estatisticas/RelatoriosDeSinistralidade/Documents/2017/RELATÓRIO ANUAL - VÍTIMAS A 30 DIAS/Portalegre.pdf,Portalegre.pdf,pdf,False
2017,Porto,http://www.ansr.pt/Estatisticas/RelatoriosDeSinistralidade/Documents/2017/RELATÓRIO ANUAL - VÍTIMAS A 30 DIAS/Porto.pdf,Porto.pdf,pdf,False
2017,Santarém,http://www.ansr.pt/Estatisticas/RelatoriosDeSinistralidade/Documents/2017/RELATÓRIO ANUAL - VÍTIMAS A 30 DIAS/Santarém.pdf,Santarém.pdf,pdf,False
2017,Setúbal,http://www.ansr.pt/Estatisticas/RelatoriosDeSinistralidade/Documents/2017/RELATÓRIO ANUAL - VÍTIMAS A 30 DIAS/Setúbal.pdf,Setúbal.pdf,pdf,False
2017,Viana do Castelo,http://www.ansr.pt/Estatisticas/RelatoriosDeSinistralidade/Documents/2017/RELATÓRIO ANUAL - VÍTIMAS A 30 DIAS/Viana do Castelo.pdf,Viana do Castelo.pdf,pdf,False
2017,Vila Real,http://www.ansr.pt/Estatisticas/RelatoriosDeSinistralidade/Documents/2017/RELATÓRIO ANUAL - VÍTIMAS A 30 DIAS/Vila Real.pdf,Vila Real.pdf,pdf,False
2017,Viseu,http://www.ansr.pt/Estatisticas/RelatoriosDeSinistralidade/Documents/2017/RELATÓRIO ANUAL - VÍTIMAS A 30 DIAS/Viseu.pdf,Viseu.pdf,pdf,False
2017,Relatório Anual Sinistralidade Rodoviária 30 dias,http://www.ansr.pt/Estatisticas/RelatoriosDeSinistralidade/Documents/2017/RELATÓRIO ANUAL - VÍTIMAS A 30 DIAS/Relatório Anual Sinistralidade Rodoviária 30dias.pdf,Relatório Anual Sinistralidade Rodoviária 30dias.pdf,pdf,False
2016,Aveiro,http://www.ansr.pt/Estatisticas/RelatoriosDeSinistralidade/Documents/2016/RELATÓRIO ANUAL - VÍTIMAS A 24 HORAS/Aveiro 2016.pdf,Aveiro 2016.pdf,pdf,False
2016,Beja,http://www.ansr.pt/Estatisticas/RelatoriosDeSinistralidade/Documents/2016/RELATÓRIO ANUAL - VÍTIMAS A 24 HORAS/Beja 2016.pdf,Beja 2016.pdf,pdf,False
2016,Braga,http://www.ansr.pt/Estatisticas/RelatoriosDeSinistralidade/Documents/2016/RELATÓRIO ANUAL - VÍTIMAS A 24 HORAS/Braga 2016.pdf,Braga 2016.pdf,pdf,False
2016,Bragança,http://www.ansr.pt/Estatisticas/RelatoriosDeSinistralidade/Documents/2016/RELATÓRIO ANUAL - VÍTIMAS A 24 HORAS/Bragança 2016.pdf,Bragança 2016.pdf,pdf,False
2016,Castelo Branco,http://www.ansr.pt/Estatisticas/RelatoriosDeSinistralidade/Documents/2016/RELATÓRIO ANUAL - VÍTIMAS A 24 HORAS/Castelo Branco 2016.pdf,Castelo Branco 2016.pdf,pdf,False
2016,Coimbra,http://www.ansr.pt/Estatisticas/RelatoriosDeSinistralidade/Documents/2016/RELATÓRIO ANUAL - VÍTIMAS A 24 HORAS/Coimbra 2016.pdf,Coimbra 2016.pdf,pdf,False
2016,Évora,http://www.ansr.pt/Estatisticas/RelatoriosDeSinistralidade/Documents/2016/RELATÓRIO ANUAL - VÍTIMAS A 24 HORAS/Évora 2016.pdf,Évora 2016.pdf,pdf,False
2016,Faro,http://www.ansr.pt/Estatisticas/RelatoriosDeSinistralidade/Documents/2016/RELATÓRIO ANUAL - VÍTIMAS A 24 HORAS/Faro 2016.pdf,Faro 2016.pdf,pdf,False
2016,Guarda,http://www.ansr.pt/Estatisticas/RelatoriosDeSinistralidade/Documents/2016/RELATÓRIO ANUAL - VÍTIMAS A 24 HORAS/Guarda 2016.pdf,Guarda 2016.pdf,pdf,False
2016,Leiria,http://www.ansr.pt/Estatisticas/RelatoriosDeSinistralidade/Documents/2016/RELATÓRIO ANUAL - VÍTIMAS A 24 HORAS/Leiria 2016.pdf,Leiria 2016.pdf,pdf,False
2016,Lisboa,http://www.ansr.pt/Estatisticas/RelatoriosDeSinistralidade/Documents/2016/RELATÓRIO ANUAL - VÍTIMAS A 24 HORAS/Lisboa 2016.pdf,Lisboa 2016.pdf,pdf,False
2016,Portalegre,http://www.ansr.pt/Estatisticas/RelatoriosDeSinistralidade/Documents/2016/RELATÓRIO ANUAL - VÍTIMAS A 24 HORAS/Portalegre 2016.pdf,Portalegre 2016.pdf,pdf,False
2016,Porto,http://www.ansr.pt/Estatisticas/RelatoriosDeSinistralidade/Documents/2016/RELATÓRIO ANUAL - VÍTIMAS A 24 HORAS/Porto 2016.pdf,Porto 2016.pdf,pdf,False
2016,Santarém,http://www.ansr.pt/Estatisticas/RelatoriosDeSinistralidade/Documents/2016/RELATÓRIO ANUAL - VÍTIMAS A 24 HORAS/Santarém 2016.pdf,Santarém 2016.pdf,pdf,False
2016,Setúbal,http://www.ansr.pt/Estatisticas/RelatoriosDeSinistralidade/Documents/2016/RELATÓRIO ANUAL - VÍTIMAS A 24 HORAS/Setúbal 2016.pdf,Setúbal 2016.pdf,pdf,False
2016,Viana do Castelo,http://www.ansr.pt/Estatisticas/RelatoriosDeSinistralidade/Documents/2016/RELATÓRIO ANUAL - VÍTIMAS A 24 HORAS/Viana do Castelo 2016.pdf,Viana do Castelo 2016.pdf,pdf,False
2016,Vila Real,http://www.ansr.pt/Estatisticas/RelatoriosDeSinistralidade/Documents/2016/RELATÓRIO ANUAL - VÍTIMAS A 24 HORAS/Vila Real 2016.pdf,Vila Real 2016.pdf,pdf,False
2016,Viseu,http://www.ansr.pt/Estatisticas/RelatoriosDeSinistralidade/Documents/2016/RELATÓRIO ANUAL - VÍTIMAS A 24 HORAS/Viseu 2016.pdf,Viseu 2016.pdf,pdf,False
2016,Relatório Anual Sinistralidade Rodoviária 2016 24h,http://www.ansr.pt/Estatisticas/RelatoriosDeSinistralidade/Documents/2016/RELATÓRIO ANUAL - VÍTIMAS A 24 HORAS/Relatório Anual Sinistralidade Rodoviária 2016 24h.pdf,Relatório Anual Sinistralidade Rodoviária 2016 24h.pdf,pdf,False
2016,Relatório Anual Sinistralidade Rodoviária 30 dias,http://www.ansr.pt/Estatisticas/RelatoriosDeSinistralidade/Documents/2016/RELATÓRIO ANUAL - VÍTIMAS A 30 DIAS/Relatório Anual Sinistralidade Rodoviária 2016 30d.pdf,Relatório Anual Sinistralidade Rodoviária 2016 30d.pdf,pdf,False
2016,Aveiro,http://www.ansr.pt/Estatisticas/RelatoriosDeSinistralidade/Documents/2016/RELATÓRIO ANUAL - VÍTIMAS A 30 DIAS/Aveiro 2016 30d.pdf,Aveiro 2016 30d.pdf,pdf,False
2016,Beja,http://www.ansr.pt/Estatisticas/RelatoriosDeSinistralidade/Documents/2016/RELATÓRIO ANUAL - VÍTIMAS A 30 DIAS/Beja 2016 30d.pdf,Beja 2016 30d.pdf,pdf,False
2016,Braga,http://www.ansr.pt/Estatisticas/RelatoriosDeSinistralidade/Documents/2016/RELATÓRIO ANUAL - VÍTIMAS A 30 DIAS/Braga 2016 30d.pdf,Braga 2016 30d.pdf,pdf,False
2016,Bragança,http://www.ansr.pt/Estatisticas/RelatoriosDeSinistralidade/Documents/2016/RELATÓRIO ANUAL - VÍTIMAS A 30 DIAS/Bragança 2016 30d.pdf,Bragança 2016 30d.pdf,pdf,False
2016,Castelo Branco,http://www.ansr.pt/Estatisticas/RelatoriosDeSinistralidade/Documents/2016/RELATÓRIO ANUAL - VÍTIMAS A 30 DIAS/Castelo Branco 2016 30d.pdf,Castelo Branco 2016 30d.pdf,pdf,False
2016,Coimbra,http://www.ansr.pt/Estatisticas/RelatoriosDeSinistralidade/Documents/2016/RELATÓRIO ANUAL - VÍTIMAS A 30 DIAS/Coimbra 2016 30d.pdf,Coimbra 2016 30d.pdf,pdf,False
2016,Évora,http://www.ansr.pt/Estatisticas/RelatoriosDeSinistralidade/Documents/2016/RELATÓRIO ANUAL - VÍTIMAS A 30 DIAS/Évora 2016 30d.pdf,Évora 2016 30d.pdf,pdf,False
2016,Faro,http://www.ansr.pt/Estatisticas/RelatoriosDeSinistralidade/Documents/2016/RELATÓRIO ANUAL - VÍTIMAS A 30 DIAS/Faro 2016 30d.pdf,Faro 2016 30d.pdf,pdf,False
2016,Guarda,http://www.ansr.pt/Estatisticas/RelatoriosDeSinistralidade/Documents/2016/RELATÓRIO ANUAL - VÍTIMAS A 30 DIAS/Guarda 2016 30d.pdf,Guarda 2016 30d.pdf,pdf,False
2016,Leiria,http://www.ansr.pt/Estatisticas/RelatoriosDeSinistralidade/Documents/2016/RELATÓRIO ANUAL - VÍTIMAS A 30 DIAS/Leiria 2016 30d.pdf,Leiria 2016 30d.pdf,pdf,False
2016,Lisboa,http://www.ansr.pt/Estatisticas/RelatoriosDeSinistralidade/Documents/2016/RELATÓRIO ANUAL - VÍTIMAS A 30 DIAS/Lisboa 2016 30d.pdf,Lisboa 2016 30d.pdf,pdf,False
2016,Portalegre,http://www.ansr.pt/Estatisticas/RelatoriosDeSinistralidade/Documents/2016/RELATÓRIO ANUAL - VÍTIMAS A 30 DIAS/Portalegre 2016 30d.pdf,Portalegre 2016 30d.pdf,pdf,False
2016,Porto,http://www.ansr.pt/Estatisticas/RelatoriosDeSinistralidade/Documents/2016/RELATÓRIO ANUAL - VÍTIMAS A 30 DIAS/Porto 2016 30d.pdf,Porto 2016 30d.pdf,pdf,False
2016,Santarém,http://www.ansr.pt/Estatisticas/RelatoriosDeSinistralidade/Documents/2016/RELATÓRIO ANUAL - VÍTIMAS A 30 DIAS/Santarém 2016 30d.pdf,Santarém 2016 30d.pdf,pdf,False
2016,Setúbal,http://www.ansr.pt/Estatisticas/RelatoriosDeSinistralidade/Documents/2016/RELATÓRIO ANUAL - VÍTIMAS A 30 DIAS/Setúbal 2016 30d.pdf,Setúbal 2016 30d.pdf,pdf,False
2016,Viana do Castelo,http://www.ansr.pt/Estatisticas/RelatoriosDeSinistralidade/Documents/2016/RELATÓRIO ANUAL - VÍTIMAS A 30 DIAS/Viana do Castelo 2016 30d.pdf,Viana do Castelo 2016 30d.pdf,pdf,False
2016,Vila Real,http://www.ansr.pt/Estatisticas/RelatoriosDeSinistralidade/Documents/2016/RELATÓRIO ANUAL - VÍTIMAS A 30 DIAS/Vila Real 2016 30d.pdf,Vila Real 2016 30d.pdf,pdf,False
2016,Viseu,http://www.ansr.pt/Estatisticas/RelatoriosDeSinistralidade/Documents/2016/RELATÓRIO ANUAL - VÍTIMAS A 30 DIAS/Viseu 2016 30d.pdf,Viseu 2016 30d.pdf,pdf,False
2015,Relatório Anual - 2015,http://www.ansr.pt/Estatisticas/RelatoriosDeSinistralidade/Documents/2015/RELATÓRIO ANUAL - VÍTIMAS A 24 HORAS/Rel2015_anual24horas.pdf,Rel2015_anual24horas.pdf,pdf,False
2015,Aveiro,http://www.ansr.pt/Estatisticas/RelatoriosDeSinistralidade/Documents/2015/RELATÓRIO ANUAL - VÍTIMAS A 24 HORAS/Aveiro 2015.pdf,Aveiro 2015.pdf,pdf,False
2015,Beja,http://www.ansr.pt/Estatisticas/RelatoriosDeSinistralidade/Documents/2015/RELATÓRIO ANUAL - VÍTIMAS A 24 HORAS/Beja 2015.pdf,Beja 2015.pdf,pdf,False
2015,Braga,http://www.ansr.pt/Estatisticas/RelatoriosDeSinistralidade/Documents/2015/RELATÓRIO ANUAL - VÍTIMAS A 24 HORAS/Braga 2015.pdf,Braga 2015.pdf,pdf,False
2015,Bragança,http://www.ansr.pt/Estatisticas/RelatoriosDeSinistralidade/Documents/2015/RELATÓRIO ANUAL - VÍTIMAS A 24 HORAS/Bragança 2015.pdf,Bragança 2015.pdf,pdf,False
2015,Castelo Branco,http://www.ansr.pt/Estatisticas/RelatoriosDeSinistralidade/Documents/2015/RELATÓRIO ANUAL - VÍTIMAS A 24 HORAS/Castelo Branco 2015.pdf,Castelo Branco 2015.pdf,pdf,False
2015,Coimbra,http://www.ansr.pt/Estatisticas/RelatoriosDeSinistralidade/Documents/2015/RELATÓRIO ANUAL - VÍTIMAS A 24 HORAS/Coimbra 2015.pdf,Coimbra 2015.pdf,pdf,False
2015,Évora,http://www.ansr.pt/Estatisticas/RelatoriosDeSinistralidade/Documents/2015/RELATÓRIO ANUAL - VÍTIMAS A 24 HORAS/Évora 2015.pdf,Évora 2015.pdf,pdf,False
2015,Faro,http://www.ansr.pt/Estatisticas/RelatoriosDeSinistralidade/Documents/2015/RELATÓRIO ANUAL - VÍTIMAS A 24 HORAS/Faro 2015.pdf,Faro 2015.pdf,pdf,False
2015,Guarda,http://www.ansr.pt/Estatisticas/RelatoriosDeSinistralidade/Documents/2015/RELATÓRIO ANUAL - VÍTIMAS A 24 HORAS/Guarda 2015.pdf,Guarda 2015.pdf,pdf,False
2015,Leiria,http://www.ansr.pt/Estatisticas/RelatoriosDeSinistralidade/Documents/2015/RELATÓRIO ANUAL - VÍTIMAS A 24 HORAS/Leiria 2015.pdf,Leiria 2015.pdf,pdf,False
2015,Lisboa,http://www.ansr.pt/Estatisticas/RelatoriosDeSinistralidade/Documents/2015/RELATÓRIO ANUAL - VÍTIMAS A 24 HORAS/Lisboa 2015.pdf,Lisboa 2015.pdf,pdf,False
2015,Portalegre,http://www.ansr.pt/Estatisticas/RelatoriosDeSinistralidade/Documents/2015/RELATÓRIO ANUAL - VÍTIMAS A 24 HORAS/Portalegre 2015.pdf,Portalegre 2015.pdf,pdf,False
2015,Porto,http://www.ansr.pt/Estatisticas/RelatoriosDeSinistralidade/Documents/2015/RELATÓRIO ANUAL - VÍTIMAS A 24 HORAS/Porto 2015.pdf,Porto 2015.pdf,pdf,False
2015,SAntarém,http://www.ansr.pt/Estatisticas/RelatoriosDeSinistralidade/Documents/2015/RELATÓRIO ANUAL - VÍTIMAS A 24 HORAS/Santarém 2015.pdf,Santarém 2015.pdf,pdf,False
2015,Setúbal,http://www.ansr.pt/Estatisticas/RelatoriosDeSinistralidade/Documents/2015/RELATÓRIO ANUAL - VÍTIMAS A 24 HORAS/Setúbal 2015.pdf,Setúbal 2015.pdf,pdf,False
2015,Viana do Castelo,http://www.ansr.pt/Estatisticas/RelatoriosDeSinistralidade/Documents/2015/RELATÓRIO ANUAL - VÍTIMAS A 24 HORAS/Viana do Castelo 2015.pdf,Viana do Castelo 2015.pdf,pdf,False
2015,Vila Real,http://www.ansr.pt/Estatisticas/RelatoriosDeSinistralidade/Documents/2015/RELATÓRIO ANUAL - VÍTIMAS A 24 HORAS/Vila Real 2015.pdf,Vila Real 2015.pdf,pdf,False
2015,Viseu,http://www.ansr.pt/Estatisticas/RelatoriosDeSinistralidade/Documents/2015/RELATÓRIO ANUAL - VÍTIMAS A 24 HORAS/Viseu 2015.pdf,Viseu 2015.pdf,pdf,False
2015,Relatório Anual - 2015,http://www.ansr.pt/Estatisticas/RelatoriosDeSinistralidade/Documents/2015/RELATÓRIO ANUAL - VÍTIMAS A 30 DIAS/Rel2015_anual30dias.pdf,Rel2015_anual30dias.pdf,pdf,False
2015,Aveiro,http://www.ansr.pt/Estatisticas/RelatoriosDeSinistralidade/Documents/2015/RELATÓRIO ANUAL - VÍTIMAS A 30 DIAS/Aveiro 2015 30d.pdf,Aveiro 2015 30d.pdf,pdf,False
2015,Beja,http://www.ansr.pt/Estatisticas/RelatoriosDeSinistralidade/Documents/2015/RELATÓRIO ANUAL - VÍTIMAS A 30 DIAS/Beja 2015 30d.pdf,Beja 2015 30d.pdf,pdf,False
2015,Braga,http://www.ansr.pt/Estatisticas/RelatoriosDeSinistralidade/Documents/2015/RELATÓRIO ANUAL - VÍTIMAS A 30 DIAS/Braga 2015 30d.pdf,Braga 2015 30d.pdf,pdf,False
2015,Bragança,http://www.ansr.pt/Estatisticas/RelatoriosDeSinistralidade/Documents/2015/RELATÓRIO ANUAL - VÍTIMAS A 30 DIAS/Bragança 2015 30d.pdf,Bragança 2015 30d.pdf,pdf,False
2015,Castelo Branco,http://www.ansr.pt/Estatisticas/RelatoriosDeSinistralidade/Documents/2015/RELATÓRIO ANUAL - VÍTIMAS A 30 DIAS/Castelo Branco 2015 30d.pdf,Castelo Branco 2015 30d.pdf,pdf,False
2015,Coimbra,http://www.ansr.pt/Estatisticas/RelatoriosDeSinistralidade/Documents/2015/RELATÓRIO ANUAL - VÍTIMAS A 30 DIAS/Coimbra 2015 30d.pdf,Coimbra 2015 30d.pdf,pdf,False
2015,Évora,http://www.ansr.pt/Estatisticas/RelatoriosDeSinistralidade/Documents/2015/RELATÓRIO ANUAL - VÍTIMAS A 30 DIAS/Évora 2015 30d.pdf,Évora 2015 30d.pdf,pdf,False
2015,Faro,http://www.ansr.pt/Estatisticas/RelatoriosDeSinistralidade/Documents/2015/RELATÓRIO ANUAL - VÍTIMAS A 30 DIAS/Faro 2015 30d.pdf,Faro 2015 30d.pdf,pdf,False
2015,Guarda,http://www.ansr.pt/Estatisticas/RelatoriosDeSinistralidade/Documents/2015/RELATÓRIO ANUAL - VÍTIMAS A 30 DIAS/Guarda 2015 30d.pdf,Guarda 2015 30d.pdf,pdf,False
2015,Leiria,http://www.ansr.pt/Estatisticas/RelatoriosDeSinistralidade/Documents/2015/RELATÓRIO ANUAL - VÍTIMAS A 30 DIAS/Leiria 2015 30d.pdf,Leiria 2015 30d.pdf,pdf,False
2015,Lisboa,http://www.ansr.pt/Estatisticas/RelatoriosDeSinistralidade/Documents/2015/RELATÓRIO ANUAL - VÍTIMAS A 30 DIAS/Lisboa 2015 30d.pdf,Lisboa 2015 30d.pdf,pdf,False
2015,Portalegre,http://www.ansr.pt/Estatisticas/RelatoriosDeSinistralidade/Documents/2015/RELATÓRIO ANUAL - VÍTIMAS A 30 DIAS/Portalegre 2015 30d.pdf,Portalegre 2015 30d.pdf,pdf,False
2015,Porto,http://www.ansr.pt/Estatisticas/RelatoriosDeSinistralidade/Documents/2015/RELATÓRIO ANUAL - VÍTIMAS A 30 DIAS/Porto 2015 30d.pdf,Porto 2015 30d.pdf,pdf,False
2015,Santarém,http://www.ansr.pt/Estatisticas/RelatoriosDeSinistralidade/Documents/2015/RELATÓRIO ANUAL - VÍTIMAS A 30 DIAS/Santarém 2015 30d.pdf,Santarém 2015 30d.pdf,pdf,False
2015,Setúbal,http://www.ansr.pt/Estatisticas/RelatoriosDeSinistralidade/Documents/2015/RELATÓRIO ANUAL - VÍTIMAS A 30 DIAS/Setúbal 2015 30d.pdf,Setúbal 2015 30d.pdf,pdf,False
2015,Viana do Castelo,http://www.ansr.pt/Estatisticas/RelatoriosDeSinistralidade/Documents/2015/RELATÓRIO ANUAL - VÍTIMAS A 30 DIAS/Viana do Castelo 2015 30d.pdf,Viana do Castelo 2015 30d.pdf,pdf,False
2015,Vila Real,http://www.ansr.pt/Estatisticas/RelatoriosDeSinistralidade/Documents/2015/RELATÓRIO ANUAL - VÍTIMAS A 30 DIAS/Vila Real 2015 30d.pdf,Vila Real 2015 30d.pdf,pdf,False
2015,Viseu,http://www.ansr.pt/Estatisticas/RelatoriosDeSinistralidade/Documents/2015/RELATÓRIO ANUAL - VÍTIMAS A 30 DIAS/Viseu 2015 30d.pdf,Viseu 2015 30d.pdf,pdf,False
2014,Relatório Anual - 2014,http://www.ansr.pt/Estatisticas/RelatoriosDeSinistralidade/Documents/2014/RELATÓRIO ANUAL- VÍTIMAS A 24 HORAS/Relatório Anual de Sinistralidade Rodoviária - 2014.pdf,Relatório Anual de Sinistralidade Rodoviária - 2014.pdf,pdf,False
2014,Aveiro,http://www.ansr.pt/Estatisticas/RelatoriosDeSinistralidade/Documents/2014/RELATÓRIO ANUAL- VÍTIMAS A 24 HORAS/Aveiro_2014.pdf,Aveiro_2014.pdf,pdf,False
2014,Beja,http://www.ansr.pt/Estatisticas/RelatoriosDeSinistralidade/Documents/2014/RELATÓRIO ANUAL- VÍTIMAS A 24 HORAS/Beja_2014.pdf,Beja_2014.pdf,pdf,False
2014,Braga,http://www.ansr.pt/Estatisticas/RelatoriosDeSinistralidade/Documents/2014/RELATÓRIO ANUAL- VÍTIMAS A 24 HORAS/Braga_2014.pdf,Braga_2014.pdf,pdf,False
2014,Bragança,http://www.ansr.pt/Estatisticas/RelatoriosDeSinistralidade/Documents/2014/RELATÓRIO ANUAL- VÍTIMAS A 24 HORAS/Bragança_2014.pdf,Bragança_2014.pdf,pdf,False
2014,Castelo Branco,http://www.ansr.pt/Estatisticas/RelatoriosDeSinistralidade/Documents/2014/RELATÓRIO ANUAL- VÍTIMAS A 24 HORAS/Castelo_Branco_2014.pdf,Castelo_Branco_2014.pdf,pdf,False
2014,Coimbra,http://www.ansr.pt/Estatisticas/RelatoriosDeSinistralidade/Documents/2014/RELATÓRIO ANUAL- VÍTIMAS A 24 HORAS/Coimbra_2014.pdf,Coimbra_2014.pdf,pdf,False
2014,Évora,http://www.ansr.pt/Estatisticas/RelatoriosDeSinistralidade/Documents/2014/RELATÓRIO ANUAL- VÍTIMAS A 24 HORAS/Évora_2014.pdf,Évora_2014.pdf,pdf,False
2014,Faro,http://www.ansr.pt/Estatisticas/RelatoriosDeSinistralidade/Documents/2014/RELATÓRIO ANUAL- VÍTIMAS A 24 HORAS/Faro_2014.pdf,Faro_2014.pdf,pdf,False
2014,Guarda,http://www.ansr.pt/Estatisticas/RelatoriosDeSinistralidade/Documents/2014/RELATÓRIO ANUAL- VÍTIMAS A 24 HORAS/Guarda_2014.pdf,Guarda_2014.pdf,pdf,False
2014,Leiria,http://www.ansr.pt/Estatisticas/RelatoriosDeSinistralidade/Documents/2014/RELATÓRIO ANUAL- VÍTIMAS A 24 HORAS/Leiria_2014.pdf,Leiria_2014.pdf,pdf,False
2014,Lisboa,http://www.ansr.pt/Estatisticas/RelatoriosDeSinistralidade/Documents/2014/RELATÓRIO ANUAL- VÍTIMAS A 24 HORAS/Lisboa_2014.pdf,Lisboa_2014.pdf,pdf,False
2014,Portalegre,http://www.ansr.pt/Estatisticas/RelatoriosDeSinistralidade/Documents/2014/RELATÓRIO ANUAL- VÍTIMAS A 24 HORAS/Portalegre_2014.pdf,Portalegre_2014.pdf,pdf,False
2014,Porto,http://www.ansr.pt/Estatisticas/RelatoriosDeSinistralidade/Documents/2014/RELATÓRIO ANUAL- VÍTIMAS A 24 HORAS/Porto_2014.pdf,Porto_2014.pdf,pdf,False
2014,Santarém,http://www.ansr.pt/Estatisticas/RelatoriosDeSinistralidade/Documents/2014/RELATÓRIO ANUAL- VÍTIMAS A 24 HORAS/Santarém_2014.pdf,Santarém_2014.pdf,pdf,False
2014,Setúbal,http://www.ansr.pt/Estatisticas/RelatoriosDeSinistralidade/Documents/2014/RELATÓRIO ANUAL- VÍTIMAS A 24 HORAS/Setúbal_2014.pdf,Setúbal_2014.pdf,pdf,False
2014,Viana do Castelo,http://www.ansr.pt/Estatisticas/RelatoriosDeSinistralidade/Documents/2014/RELATÓRIO ANUAL- VÍTIMAS A 24 HORAS/Viana_do_Castelo_2014.pdf,Viana_do_Castelo_2014.pdf,pdf,False
2014,Vila Real,http://www.ansr.pt/Estatisticas/RelatoriosDeSinistralidade/Documents/2014/RELATÓRIO ANUAL- VÍTIMAS A 24 HORAS/Vila_Real_2014.pdf,Vila_Real_2014.pdf,pdf,False
2014,Viseu,http://www.ansr.pt/Estatisticas/RelatoriosDeSinistralidade/Documents/2014/RELATÓRIO ANUAL- VÍTIMAS A 24 HORAS/Viseu_2014.pdf,Viseu_2014.pdf,pdf,False
2014,Aveiro,http://www.ansr.pt/Estatisticas/RelatoriosDeSinistralidade/Documents/2014/RELATÓRIO ANUAL - VÍTIMAS A 30 DIAS/Aveiro_30dias_2014.pdf,Aveiro_30dias_2014.pdf,pdf,False
2014,Beja,http://www.ansr.pt/Estatisticas/RelatoriosDeSinistralidade/Documents/2014/RELATÓRIO ANUAL - VÍTIMAS A 30 DIAS/Beja_30dias_2014.pdf,Beja_30dias_2014.pdf,pdf,False
2014,Braga,http://www.ansr.pt/Estatisticas/RelatoriosDeSinistralidade/Documents/2014/RELATÓRIO ANUAL - VÍTIMAS A 30 DIAS/Braga_30dias_2014.pdf,Braga_30dias_2014.pdf,pdf,False
2014,Bragança,http://www.ansr.pt/Estatisticas/RelatoriosDeSinistralidade/Documents/2014/RELATÓRIO ANUAL - VÍTIMAS A 30 DIAS/Bragança_30dias_2014.pdf,Bragança_30dias_2014.pdf,pdf,False
2014,Castelo Branco,http://www.ansr.pt/Estatisticas/RelatoriosDeSinistralidade/Documents/2014/RELATÓRIO ANUAL - VÍTIMAS A 30 DIAS/Castelo_Branco_30dias_2014.pdf,Castelo_Branco_30dias_2014.pdf,pdf,False
2014,Coimbra,http://www.ansr.pt/Estatisticas/RelatoriosDeSinistralidade/Documents/2014/RELATÓRIO ANUAL - VÍTIMAS A 30 DIAS/Coimbra_30dias_2014.pdf,Coimbra_30dias_2014.pdf,pdf,False
2014,Évora,http://www.ansr.pt/Estatisticas/RelatoriosDeSinistralidade/Documents/2014/RELATÓRIO ANUAL - VÍTIMAS A 30 DIAS/Évora_30dias_2014.pdf,Évora_30dias_2014.pdf,pdf,False
2014,Faro,http://www.ansr.pt/Estatisticas/RelatoriosDeSinistralidade/Documents/2014/RELATÓRIO ANUAL - VÍTIMAS A 30 DIAS/Faro_30dias_2014.pdf,Faro_30dias_2014.pdf,pdf,False
2014,Guarda,http://www.ansr.pt/Estatisticas/RelatoriosDeSinistralidade/Documents/2014/RELATÓRIO ANUAL - VÍTIMAS A 30 DIAS/Guarda_30dias_2014.pdf,Guarda_30dias_2014.pdf,pdf,False
2014,Leiria,http://www.ansr.pt/Estatisticas/RelatoriosDeSinistralidade/Documents/2014/RELATÓRIO ANUAL - VÍTIMAS A 30 DIAS/Leiria_30dias_2014.pdf,Leiria_30dias_2014.pdf,pdf,False
2014,Lisboa,http://www.ansr.pt/Estatisticas/RelatoriosDeSinistralidade/Documents/2014/RELATÓRIO ANUAL - VÍTIMAS A 30 DIAS/Lisboa_30dias_2014.pdf,Lisboa_30dias_2014.pdf,pdf,False
2014,Portalegre,http://www.ansr.pt/Estatisticas/RelatoriosDeSinistralidade/Documents/2014/RELATÓRIO ANUAL - VÍTIMAS A 30 DIAS/Portalegre_30dias_2014.pdf,Portalegre_30dias_2014.pdf,pdf,False
2014,Porto,http://www.ansr.pt/Estatisticas/RelatoriosDeSinistralidade/Documents/2014/RELATÓRIO ANUAL - VÍTIMAS A 30 DIAS/Porto_30dias_2014.pdf,Porto_30dias_2014.pdf,pdf,False
2014,Santarém,http://www.ansr.pt/Estatisticas/RelatoriosDeSinistralidade/Documents/2014/RELATÓRIO ANUAL - VÍTIMAS A 30 DIAS/Santarém_30dias_2014.pdf,Santarém_30dias_2014.pdf,pdf,False
2014,Setúbal,http://www.ansr.pt/Estatisticas/RelatoriosDeSinistralidade/Documents/2014/RELATÓRIO ANUAL - VÍTIMAS A 30 DIAS/Setúbal_30dias_2014.pdf,Setúbal_30dias_2014.pdf,pdf,False
2014,Viana do Castelo,http://www.ansr.pt/Estatisticas/RelatoriosDeSinistralidade/Documents/2014/RELATÓRIO ANUAL - VÍTIMAS A 30 DIAS/Viana_do_Castelo_30dias_2014.pdf,Viana_do_Castelo_30dias_2014.pdf,pdf,False
2014,Vila Real,http://www.ansr.pt/Estatisticas/RelatoriosDeSinistralidade/Documents/2014/RELATÓRIO ANUAL - VÍTIMAS A 30 DIAS/Vila_Real_30dias_2014.pdf,Vila_Real_30dias_2014.pdf,pdf,False
2014,Viseu,http://www.ansr.pt/Estatisticas/RelatoriosDeSinistralidade/Documents/2014/RELATÓRIO ANUAL - VÍTIMAS A 30 DIAS/Viseu_30dias_2014.pdf,Viseu_30dias_2014.pdf,pdf,False
2014,Relatório Anual - 2014,http://www.ansr.pt/Estatisticas/RelatoriosDeSinistralidade/Documents/2014/RELATÓRIO ANUAL - VÍTIMAS A 30 DIAS/Rel_2014_30dias.pdf,Rel_2014_30dias.pdf,pdf,False
2013,Aveiro,http://www.ansr.pt/Estatisticas/RelatoriosDeSinistralidade/Documents/2013/Relatório Anual- Vítimas a 24 horas/Aveiro 2013- vítimas a 24 horas.pdf,Aveiro 2013- vítimas a 24 horas.pdf,pdf,False
2013,Beja,http://www.ansr.pt/Estatisticas/RelatoriosDeSinistralidade/Documents/2013/Relatório Anual- Vítimas a 24 horas/Beja 2013- vítimas a 24 horas.pdf,Beja 2013- vítimas a 24 horas.pdf,pdf,False
2013,Braga,http://www.ansr.pt/Estatisticas/RelatoriosDeSinistralidade/Documents/2013/Relatório Anual- Vítimas a 24 horas/Braga 2013- vítimas a 24 horas.pdf,Braga 2013- vítimas a 24 horas.pdf,pdf,False
2013,Bragança,http://www.ansr.pt/Estatisticas/RelatoriosDeSinistralidade/Documents/2013/Relatório Anual- Vítimas a 24 horas/Bragança 2013- vítimas a 24 horas.pdf,Bragança 2013- vítimas a 24 horas.pdf,pdf,False
2013,Castelo Branco,http://www.ansr.pt/Estatisticas/RelatoriosDeSinistralidade/Documents/2013/Relatório Anual- Vítimas a 24 horas/Castelo Branco 2013- vítimas a 24 horas.pdf,Castelo Branco 2013- vítimas a 24 horas.pdf,pdf,False
2013,Coimbra,http://www.ansr.pt/Estatisticas/RelatoriosDeSinistralidade/Documents/2013/Relatório Anual- Vítimas a 24 horas/Coimbra 2013- vítimas a 24 horas.pdf,Coimbra 2013- vítimas a 24 horas.pdf,pdf,False
2013,Évora,http://www.ansr.pt/Estatisticas/RelatoriosDeSinistralidade/Documents/2013/Relatório Anual- Vítimas a 24 horas/Évora 2013- vítimas a 24 horas.pdf,Évora 2013- vítimas a 24 horas.pdf,pdf,False
2013,Faro,http://www.ansr.pt/Estatisticas/RelatoriosDeSinistralidade/Documents/2013/Relatório Anual- Vítimas a 24 horas/Faro 2013- vítimas a 24 horas.pdf,Faro 2013- vítimas a 24 horas.pdf,pdf,False
2013,Guarda,http://www.ansr.pt/Estatisticas/RelatoriosDeSinistralidade/Documents/2013/Relatório Anual- Vítimas a 24 horas/Guarda 2013- vítimas a 24 horas.pdf,Guarda 2013- vítimas a 24 horas.pdf,pdf,False
2013,Leiria,http://www.ansr.pt/Estatisticas/RelatoriosDeSinistralidade/Documents/2013/Relatório Anual- Vítimas a 24 horas/Leiria 2013- vítimas a 24 horas.pdf,Leiria 2013- vítimas a 24 horas.pdf,pdf,False
2013,Lisboa,http://www.ansr.pt/Estatisticas/RelatoriosDeSinistralidade/Documents/2013/Relatório Anual- Vítimas a 24 horas/Lisboa 2013- vítimas a 24 horas.pdf,Lisboa 2013- vítimas a 24 horas.pdf,pdf,False
2013,Portalegre,http://www.ansr.pt/Estatisticas/RelatoriosDeSinistralidade/Documents/2013/Relatório Anual- Vítimas a 24 horas/Portalegre 2013- vítimas a 24 horas.pdf,Portalegre 2013- vítimas a 24 horas.pdf,pdf,False
2013,Porto,http://www.ansr.pt/Estatisticas/RelatoriosDeSinistralidade/Documents/2013/Relatório Anual- Vítimas a 24 horas/Porto 2013- vítimas a 24 horas.pdf,Porto 2013- vítimas a 24 horas.pdf,pdf,False
2013,Santarém,http://www.ansr.pt/Estatisticas/RelatoriosDeSinistralidade/Documents/2013/Relatório Anual- Vítimas a 24 horas/Santarém 2013- vítimas a 24 horas.pdf,Santarém 2013- vítimas a 24 horas.pdf,pdf,False
2013,Setúbal,http://www.ansr.pt/Estatisticas/RelatoriosDeSinistralidade/Documents/2013/Relatório Anual- Vítimas a 24 horas/Setúbal 2013- vítimas a 24 horas.pdf,Setúbal 2013- vítimas a 24 horas.pdf,pdf,False
2013,Viana do Castelo,http://www.ansr.pt/Estatisticas/RelatoriosDeSinistralidade/Documents/2013/Relatório Anual- Vítimas a 24 horas/Vianado Castelo 2013- vítimas a 24 horas.pdf,Vianado Castelo 2013- vítimas a 24 horas.pdf,pdf,False
2013,Vila Real,http://www.ansr.pt/Estatisticas/RelatoriosDeSinistralidade/Documents/2013/Relatório Anual- Vítimas a 24 horas/Vila Real 2013- vítimas a 24 horas.pdf,Vila Real 2013- vítimas a 24 horas.pdf,pdf,False
2013,Viseu,http://www.ansr.pt/Estatisticas/RelatoriosDeSinistralidade/Documents/2013/Relatório Anual- Vítimas a 24 horas/Viseu 2013- vítimas a 24 horas.pdf,Viseu 2013- vítimas a 24 horas.pdf,pdf,False
2013,Relatório Nacional Anual,http://www.ansr.pt/Estatisticas/RelatoriosDeSinistralidade/Documents/2013/Relatório Anual- Vítimas a 24 horas/Relatório Nacional Anual 2013- Vítimas a 24 horas.pdf,Relatório Nacional Anual 2013- Vítimas a 24 horas.pdf,pdf,False
2013,Aveiro,http://www.ansr.pt/Estatisticas/RelatoriosDeSinistralidade/Documents/2013/Relatório Anual- Vítimas a 30 dias/Aveiro 2013- vítimas a 30 dias.pdf,Aveiro 2013- vítimas a 30 dias.pdf,pdf,False
2013,Beja,http://www.ansr.pt/Estatisticas/RelatoriosDeSinistralidade/Documents/2013/Relatório Anual- Vítimas a 30 dias/Beja 2013- vítimas a 30 dias.pdf,Beja 2013- vítimas a 30 dias.pdf,pdf,False
2013,Braga,http://www.ansr.pt/Estatisticas/RelatoriosDeSinistralidade/Documents/2013/Relatório Anual- Vítimas a 30 dias/Braga 2013- vítimas a 30 dias.pdf,Braga 2013- vítimas a 30 dias.pdf,pdf,False
2013,Bragança,http://www.ansr.pt/Estatisticas/RelatoriosDeSinistralidade/Documents/2013/Relatório Anual- Vítimas a 30 dias/Bragança 2013- vítimas a 30 dias.pdf,Bragança 2013- vítimas a 30 dias.pdf,pdf,False
2013,Castelo Branco,http://www.ansr.pt/Estatisticas/RelatoriosDeSinistralidade/Documents/2013/Relatório Anual- Vítimas a 30 dias/Castelo Branco 2013- vítimas a 30 dias.pdf,Castelo Branco 2013- vítimas a 30 dias.pdf,pdf,False
2013,Coimbra,http://www.ansr.pt/Estatisticas/RelatoriosDeSinistralidade/Documents/2013/Relatório Anual- Vítimas a 30 dias/Coimbra 2013- vítimas a 30 dias.pdf,Coimbra 2013- vítimas a 30 dias.pdf,pdf,False
2013,Évora,http://www.ansr.pt/Estatisticas/RelatoriosDeSinistralidade/Documents/2013/Relatório Anual- Vítimas a 30 dias/Évora 2013- vítimas a 30 dias.pdf,Évora 2013- vítimas a 30 dias.pdf,pdf,False
2013,Faro,http://www.ansr.pt/Estatisticas/RelatoriosDeSinistralidade/Documents/2013/Relatório Anual- Vítimas a 30 dias/Faro 2013- vítimas a 30 dias.pdf,Faro 2013- vítimas a 30 dias.pdf,pdf,False
2013,Guarda,http://www.ansr.pt/Estatisticas/RelatoriosDeSinistralidade/Documents/2013/Relatório Anual- Vítimas a 30 dias/Guarda 2013- vítimas a 30 dias.pdf,Guarda 2013- vítimas a 30 dias.pdf,pdf,False
2013,Leiria,http://www.ansr.pt/Estatisticas/RelatoriosDeSinistralidade/Documents/2013/Relatório Anual- Vítimas a 30 dias/Leiria 2013- vítimas a 30 dias.pdf,Leiria 2013- vítimas a 30 dias.pdf,pdf,False
2013,Lisboa,http://www.ansr.pt/Estatisticas/RelatoriosDeSinistralidade/Documents/2013/Relatório Anual- Vítimas a 30 dias/Lisboa 2013- vítimas a 30 dias.pdf,Lisboa 2013- vítimas a 30 dias.pdf,pdf,False
2013,Portalegre,http://www.ansr.pt/Estatisticas/RelatoriosDeSinistralidade/Documents/2013/Relatório Anual- Vítimas a 30 dias/Portalegre 2013- vítimas a 30 dias.pdf,Portalegre 2013- vítimas a 30 dias.pdf,pdf,False
2013,Porto,http://www.ansr.pt/Estatisticas/RelatoriosDeSinistralidade/Documents/2013/Relatório Anual- Vítimas a 30 dias/Porto 2013- vítimas a 30 dias.pdf,Porto 2013- vítimas a 30 dias.pdf,pdf,False
2013,Santarém,http://www.ansr.pt/Estatisticas/RelatoriosDeSinistralidade/Documents/2013/Relatório Anual- Vítimas a 30 dias/Santarém 2013- vítimas a 30 dias.pdf,Santarém 2013- vítimas a 30 dias.pdf,pdf,False
2013,Setúbal,http://www.ansr.pt/Estatisticas/RelatoriosDeSinistralidade/Documents/2013/Relatório Anual- Vítimas a 30 dias/Setúbal 2013- vítimas a 30 dias.pdf,Setúbal 2013- vítimas a 30 dias.pdf,pdf,False
2013,Viana do Castelo,http://www.ansr.pt/Estatisticas/RelatoriosDeSinistralidade/Documents/2013/Relatório Anual- Vítimas a 30 dias/Viana do Castelo 2013- vítimas a 30 dias.pdf,Viana do Castelo 2013- vítimas a 30 dias.pdf,pdf,False
2013,Vila Real,http://www.ansr.pt/Estatisticas/RelatoriosDeSinistralidade/Documents/2013/Relatório Anual- Vítimas a 30 dias/Vila Real 2013- vítimas a 30 dias.pdf,Vila Real 2013- vítimas a 30 dias.pdf,pdf,False
2013,Viseu,http://www.ansr.pt/Estatisticas/RelatoriosDeSinistralidade/Documents/2013/Relatório Anual- Vítimas a 30 dias/Viseu 2013- vítimas a 30 dias.pdf,Viseu 2013- vítimas a 30 dias.pdf,pdf,False
2013,Relatório Nacional Anual,http://www.ansr.pt/Estatisticas/RelatoriosDeSinistralidade/Documents/2013/Relatório Anual- Vítimas a 30 dias/Relatório Nacional Anual 2013- Vítimas a 30 dias.pdf,Relatório Nacional Anual 2013- Vítimas a 30 dias.pdf,pdf,False
2012,Aveiro,http://www.ansr.pt/Estatisticas/RelatoriosDeSinistralidade/Documents/2012/Relatório Anual- Vítimas a 24 horas/Aveiro 2012- vítimas a 24 horas.pdf,Aveiro 2012- vítimas a 24 horas.pdf,pdf,False
2012,Beja,http://www.ansr.pt/Estatisticas/RelatoriosDeSinistralidade/Documents/2012/Relatório Anual- Vítimas a 24 horas/Beja 2012- vítimas a 24 horas.pdf,Beja 2012- vítimas a 24 horas.pdf,pdf,False
2012,Braga,http://www.ansr.pt/Estatisticas/RelatoriosDeSinistralidade/Documents/2012/Relatório Anual- Vítimas a 24 horas/Braga 2012- vítimas a 24 horas.pdf,Braga 2012- vítimas a 24 horas.pdf,pdf,False
2012,Bragança,http://www.ansr.pt/Estatisticas/RelatoriosDeSinistralidade/Documents/2012/Relatório Anual- Vítimas a 24 horas/Bragança 2012- vítimas a 24 horas.pdf,Bragança 2012- vítimas a 24 horas.pdf,pdf,False
2012,Castelo Branco,http://www.ansr.pt/Estatisticas/RelatoriosDeSinistralidade/Documents/2012/Relatório Anual- Vítimas a 24 horas/Castelo Branco 2012- vítimas a 24 horas.pdf,Castelo Branco 2012- vítimas a 24 horas.pdf,pdf,False
2012,Coimbra,http://www.ansr.pt/Estatisticas/RelatoriosDeSinistralidade/Documents/2012/Relatório Anual- Vítimas a 24 horas/Coimbra 2012- vítimas a 24 horas.pdf,Coimbra 2012- vítimas a 24 horas.pdf,pdf,False
2012,Évora,http://www.ansr.pt/Estatisticas/RelatoriosDeSinistralidade/Documents/2012/Relatório Anual- Vítimas a 24 horas/Évora 2012- vítimas a 24 horas.pdf,Évora 2012- vítimas a 24 horas.pdf,pdf,False
2012,Faro,http://www.ansr.pt/Estatisticas/RelatoriosDeSinistralidade/Documents/2012/Relatório Anual- Vítimas a 24 horas/Faro 2012- vítimas a 24 horas.pdf,Faro 2012- vítimas a 24 horas.pdf,pdf,False
2012,Guarda,http://www.ansr.pt/Estatisticas/RelatoriosDeSinistralidade/Documents/2012/Relatório Anual- Vítimas a 24 horas/Guarda 2012- vítimas a 24 horas.pdf,Guarda 2012- vítimas a 24 horas.pdf,pdf,False
2012,Leiria,http://www.ansr.pt/Estatisticas/RelatoriosDeSinistralidade/Documents/2012/Relatório Anual- Vítimas a 24 horas/Leiria 2012- vítimas a 24 horas.pdf,Leiria 2012- vítimas a 24 horas.pdf,pdf,False
2012,Lisboa,http://www.ansr.pt/Estatisticas/RelatoriosDeSinistralidade/Documents/2012/Relatório Anual- Vítimas a 24 horas/Lisboa 2012- vítimas a 24 horas.pdf,Lisboa 2012- vítimas a 24 horas.pdf,pdf,False
2012,Portalegre,http://www.ansr.pt/Estatisticas/RelatoriosDeSinistralidade/Documents/2012/Relatório Anual- Vítimas a 24 horas/Portalegre 2012- vítimas a 24 horas.pdf,Portalegre 2012- vítimas a 24 horas.pdf,pdf,False
2012,Porto,http://www.ansr.pt/Estatisticas/RelatoriosDeSinistralidade/Documents/2012/Relatório Anual- Vítimas a 24 horas/Porto 2012- vítimas a 24 horas.pdf,Porto 2012- vítimas a 24 horas.pdf,pdf,False
2012,Santarém,http://www.ansr.pt/Estatisticas/RelatoriosDeSinistralidade/Documents/2012/Relatório Anual- Vítimas a 24 horas/Santarém 2012- vítimas a 24 horas.pdf,Santarém 2012- vítimas a 24 horas.pdf,pdf,False
2012,Setúbal,http://www.ansr.pt/Estatisticas/RelatoriosDeSinistralidade/Documents/2012/Relatório Anual- Vítimas a 24 horas/Setúbal 2012- vítimas a 24 horas.pdf,Setúbal 2012- vítimas a 24 horas.pdf,pdf,False
2012,Viana do Castelo,http://www.ansr.pt/Estatisticas/RelatoriosDeSinistralidade/Documents/2012/Relatório Anual- Vítimas a 24 horas/Viana do Castelo 2012- vítimas a 24 horas.pdf,Viana do Castelo 2012- vítimas a 24 horas.pdf,pdf,False
2012,Vila Real,http://www.ansr.pt/Estatisticas/RelatoriosDeSinistralidade/Documents/2012/Relatório Anual- Vítimas a 24 horas/Vila Real 2012- vítimas a 24 horas.pdf,Vila Real 2012- vítimas a 24 horas.pdf,pdf,False
2012,Viseu,http://www.ansr.pt/Estatisticas/RelatoriosDeSinistralidade/Documents/2012/Relatório Anual- Vítimas a 24 horas/Viseu  2012- vítimas a 24 horas.pdf,Viseu  2012- vítimas a 24 horas.pdf,pdf,False
2012,Relatório Nacional Anual,http://www.ansr.pt/Estatisticas/RelatoriosDeSinistralidade/Documents/2012/Relatório Anual- Vítimas a 24 horas/Relatório Nacional Anual 2012- Vítimas a 24 horas.pdf,Relatório Nacional Anual 2012- Vítimas a 24 horas.pdf,pdf,False
2012,Aveiro,http://www.ansr.pt/Estatisticas/RelatoriosDeSinistralidade/Documents/2012/Relatório Anual- Vítimas a 30 dias/Aveiro 2012- vítimas a 30 dias.pdf,Aveiro 2012- vítimas a 30 dias.pdf,pdf,False
2012,Beja,http://www.ansr.pt/Estatisticas/RelatoriosDeSinistralidade/Documents/2012/Relatório Anual- Vítimas a 30 dias/Beja 2012- vítimas a 30 dias.pdf,Beja 2012- vítimas a 30 dias.pdf,pdf,False
2012,Braga,http://www.ansr.pt/Estatisticas/RelatoriosDeSinistralidade/Documents/2012/Relatório Anual- Vítimas a 30 dias/Braga 2012- vítimas a 30 dias.pdf,Braga 2012- vítimas a 30 dias.pdf,pdf,False
2012,Bragança,http://www.ansr.pt/Estatisticas/RelatoriosDeSinistralidade/Documents/2012/Relatório Anual- Vítimas a 30 dias/Bragança 2012- vítimas a 30 dias.pdf,Bragança 2012- vítimas a 30 dias.pdf,pdf,False
2012,Castelo Branco,http://www.ansr.pt/Estatisticas/RelatoriosDeSinistralidade/Documents/2012/Relatório Anual- Vítimas a 30 dias/Castelo Branco 2012- vítimas a 30 dias.pdf,Castelo Branco 2012- vítimas a 30 dias.pdf,pdf,False
2012,Coimbra,http://www.ansr.pt/Estatisticas/RelatoriosDeSinistralidade/Documents/2012/Relatório Anual- Vítimas a 30 dias/Coimbra 2012- vítimas a 30 dias.pdf,Coimbra 2012- vítimas a 30 dias.pdf,pdf,False
2012,Évora,http://www.ansr.pt/Estatisticas/RelatoriosDeSinistralidade/Documents/2012/Relatório Anual- Vítimas a 30 dias/Évora 2012- vítimas a 30 dias.pdf,Évora 2012- vítimas a 30 dias.pdf,pdf,False
2012,Faro,http://www.ansr.pt/Estatisticas/RelatoriosDeSinistralidade/Documents/2012/Relatório Anual- Vítimas a 30 dias/Faro 2012- vítimas a 30 dias.pdf,Faro 2012- vítimas a 30 dias.pdf,pdf,False
2012,Guarda,http://www.ansr.pt/Estatisticas/RelatoriosDeSinistralidade/Documents/2012/Relatório Anual- Vítimas a 30 dias/Guarda 2012- vítimas a 30 dias.pdf,Guarda 2012- vítimas a 30 dias.pdf,pdf,False
2012,Leiria,http://www.ansr.pt/Estatisticas/RelatoriosDeSinistralidade/Documents/2012/Relatório Anual- Vítimas a 30 dias/Leiria 2012- vítimas a 30 dias.pdf,Leiria 2012- vítimas a 30 dias.pdf,pdf,False
2012,Portalegre,http://www.ansr.pt/Estatisticas/RelatoriosDeSinistralidade/Documents/2012/Relatório Anual- Vítimas a 30 dias/Portalegre 2012- vítimas a 30 dias.pdf,Portalegre 2012- vítimas a 30 dias.pdf,pdf,False
2012,Porto,http://www.ansr.pt/Estatisticas/RelatoriosDeSinistralidade/Documents/2012/Relatório Anual- Vítimas a 30 dias/Porto 2012- vítimas a 30 dias.pdf,Porto 2012- vítimas a 30 dias.pdf,pdf,False
2012,Santarém,http://www.ansr.pt/Estatisticas/RelatoriosDeSinistralidade/Documents/2012/Relatório Anual- Vítimas a 30 dias/Santarém 2012- vítimas a 30 dias.pdf,Santarém 2012- vítimas a 30 dias.pdf,pdf,False
2012,Setúbal,http://www.ansr.pt/Estatisticas/RelatoriosDeSinistralidade/Documents/2012/Relatório Anual- Vítimas a 30 dias/Setúbal 2012- vítimas a 30 dias.pdf,Setúbal 2012- vítimas a 30 dias.pdf,pdf,False
2012,Viana do Castelo,http://www.ansr.pt/Estatisticas/RelatoriosDeSinistralidade/Documents/2012/Relatório Anual- Vítimas a 30 dias/Viana do Castelo 2012- vítimas a 30 dias.pdf,Viana do Castelo 2012- vítimas a 30 dias.pdf,pdf,False
2012,Vila Real,http://www.ansr.pt/Estatisticas/RelatoriosDeSinistralidade/Documents/2012/Relatório Anual- Vítimas a 30 dias/Vila Real 2012- vítimas a 30 dias.pdf,Vila Real 2012- vítimas a 30 dias.pdf,pdf,False
2012,Viseu,http://www.ansr.pt/Estatisticas/RelatoriosDeSinistralidade/Documents/2012/Relatório Anual- Vítimas a 30 dias/Viseu 2012- vítimas a 30 dias.pdf,Viseu 2012- vítimas a 30 dias.pdf,pdf,False
2012,Relatório Nacional Anual,http://www.ansr.pt/Estatisticas/RelatoriosDeSinistralidade/Documents/2012/Relatório Anual- Vítimas a 30 dias/Relatório Nacional Anual 2012- Vítimas a 30 dias.pdf,Relatório Nacional Anual 2012- Vítimas a 30 dias.pdf,pdf,False
2012,Lisboa,http://www.ansr.pt/Estatisticas/RelatoriosDeSinistralidade/Documents/2012/Relatório Anual- Vítimas a 30 dias/Lisboa_30D_2012.pdf,Lisboa_30D_2012.pdf,pdf,False
2011,Aveiro,http://www.ansr.pt/Estatisticas/RelatoriosDeSinistralidade/Documents/2011/Relatório Anual- Vítimas a 24 horas/Aveiro 2011- vítimas a 24 horas.pdf,Aveiro 2011- vítimas a 24 horas.pdf,pdf,False
2011,Beja,http://www.ansr.pt/Estatisticas/RelatoriosDeSinistralidade/Documents/2011/Relatório Anual- Vítimas a 24 horas/Beja 2011- vítimas a 24 horas.pdf,Beja 2011- vítimas a 24 horas.pdf,pdf,False
2011,Braga,http://www.ansr.pt/Estatisticas/RelatoriosDeSinistralidade/Documents/2011/Relatório Anual- Vítimas a 24 horas/Braga 2011- vítimas a 24 horas.pdf,Braga 2011- vítimas a 24 horas.pdf,pdf,False
2011,Bragança,http://www.ansr.pt/Estatisticas/RelatoriosDeSinistralidade/Documents/2011/Relatório Anual- Vítimas a 24 horas/Bragança 2011- vítimas a 24 horas.pdf,Bragança 2011- vítimas a 24 horas.pdf,pdf,False
2011,Castelo Branco,http://www.ansr.pt/Estatisticas/RelatoriosDeSinistralidade/Documents/2011/Relatório Anual- Vítimas a 24 horas/Castelo Branco 2011- vítimas a 24 horas.pdf,Castelo Branco 2011- vítimas a 24 horas.pdf,pdf,False
2011,Coimbra,http://www.ansr.pt/Estatisticas/RelatoriosDeSinistralidade/Documents/2011/Relatório Anual- Vítimas a 24 horas/Coimbra 2011- vítimas a 24 horas.pdf,Coimbra 2011- vítimas a 24 horas.pdf,pdf,False
2011,Évora,http://www.ansr.pt/Estatisticas/RelatoriosDeSinistralidade/Documents/2011/Relatório Anual- Vítimas a 24 horas/Évora 2011- vítimas a 24 horas.pdf,Évora 2011- vítimas a 24 horas.pdf,pdf,False
2011,Faro,http://www.ansr.pt/Estatisticas/RelatoriosDeSinistralidade/Documents/2011/Relatório Anual- Vítimas a 24 horas/Faro 2011- vítimas a 24 horas.pdf,Faro 2011- vítimas a 24 horas.pdf,pdf,False
2011,Guarda,http://www.ansr.pt/Estatisticas/RelatoriosDeSinistralidade/Documents/2011/Relatório Anual- Vítimas a 24 horas/Guarda 2011- vítimas a 24 horas.pdf,Guarda 2011- vítimas a 24 horas.pdf,pdf,False
2011,Leiria,http://www.ansr.pt/Estatisticas/RelatoriosDeSinistralidade/Documents/2011/Relatório Anual- Vítimas a 24 horas/Leiria 2011- vítimas a 24 horas.pdf,Leiria 2011- vítimas a 24 horas.pdf,pdf,False
2011,Lisboa,http://www.ansr.pt/Estatisticas/RelatoriosDeSinistralidade/Documents/2011/Relatório Anual- Vítimas a 24 horas/Lisboa 2011- vítimas a 24 horas.pdf,Lisboa 2011- vítimas a 24 horas.pdf,pdf,False
2011,Portalegre,http://www.ansr.pt/Estatisticas/RelatoriosDeSinistralidade/Documents/2011/Relatório Anual- Vítimas a 24 horas/Portalegre 2011- vítimas a 24 horas.pdf,Portalegre 2011- vítimas a 24 horas.pdf,pdf,False
2011,Porto,http://www.ansr.pt/Estatisticas/RelatoriosDeSinistralidade/Documents/2011/Relatório Anual- Vítimas a 24 horas/Porto 2011- vítimas a 24 horas.pdf,Porto 2011- vítimas a 24 horas.pdf,pdf,False
2011,Santarém,http://www.ansr.pt/Estatisticas/RelatoriosDeSinistralidade/Documents/2011/Relatório Anual- Vítimas a 24 horas/Santarém 2011- vítimas a 24 horas.pdf,Santarém 2011- vítimas a 24 horas.pdf,pdf,False
2011,Setúbal,http://www.ansr.pt/Estatisticas/RelatoriosDeSinistralidade/Documents/2011/Relatório Anual- Vítimas a 24 horas/Setúbal 2011- vítimas a 24 horas.pdf,Setúbal 2011- vítimas a 24 horas.pdf,pdf,False
2011,Viana do Castelo,http://www.ansr.pt/Estatisticas/RelatoriosDeSinistralidade/Documents/2011/Relatório Anual- Vítimas a 24 horas/Vianado Castelo 2011- vítimas a 24 horas.pdf,Vianado Castelo 2011- vítimas a 24 horas.pdf,pdf,False
2011,Vila Real,http://www.ansr.pt/Estatisticas/RelatoriosDeSinistralidade/Documents/2011/Relatório Anual- Vítimas a 24 horas/Vila Real 2011- vítimas a 24 horas.pdf,Vila Real 2011- vítimas a 24 horas.pdf,pdf,False
2011,Viseu,http://www.ansr.pt/Estatisticas/RelatoriosDeSinistralidade/Documents/2011/Relatório Anual- Vítimas a 24 horas/Viseu 2011- vítimas a 24 horas.pdf,Viseu 2011- vítimas a 24 horas.pdf,pdf,False
2011,Relatório Nacional Anual,http://www.ansr.pt/Estatisticas/RelatoriosDeSinistralidade/Documents/2011/Relatório Anual- Vítimas a 24 horas/Relatório Nacional Anual 2011- Vítimas a 24 horas.pdf,Relatório Nacional Anual 2011- Vítimas a 24 horas.pdf,pdf,False
2011,Aveiro,http://www.ansr.pt/Estatisticas/RelatoriosDeSinistralidade/Documents/2011/Relatório Anual- Vítimas a 30 dias/Aveiro 2011- vítimas a 30 dias.pdf,Aveiro 2011- vítimas a 30 dias.pdf,pdf,False
2011,Beja,http://www.ansr.pt/Estatisticas/RelatoriosDeSinistralidade/Documents/2011/Relatório Anual- Vítimas a 30 dias/Beja 2011- vítimas a 30 dias.pdf,Beja 2011- vítimas a 30 dias.pdf,pdf,False
2011,Braga,http://www.ansr.pt/Estatisticas/RelatoriosDeSinistralidade/Documents/2011/Relatório Anual- Vítimas a 30 dias/Braga 2011- vítimas a 30 dias.pdf,Braga 2011- vítimas a 30 dias.pdf,pdf,False
2011,Bragança,http://www.ansr.pt/Estatisticas/RelatoriosDeSinistralidade/Documents/2011/Relatório Anual- Vítimas a 30 dias/Bragança 2011- vítimas a 30 dias.pdf,Bragança 2011- vítimas a 30 dias.pdf,pdf,False
2011,Castelo Branco,http://www.ansr.pt/Estatisticas/RelatoriosDeSinistralidade/Documents/2011/Relatório Anual- Vítimas a 30 dias/Castelo Branco 2011- vítimas a 30 dias.pdf,Castelo Branco 2011- vítimas a 30 dias.pdf,pdf,False
2011,Coimbra,http://www.ansr.pt/Estatisticas/RelatoriosDeSinistralidade/Documents/2011/Relatório Anual- Vítimas a 30 dias/Coimbra 2011- vítimas a 30 dias.pdf,Coimbra 2011- vítimas a 30 dias.pdf,pdf,False
2011,Évora,http://www.ansr.pt/Estatisticas/RelatoriosDeSinistralidade/Documents/2011/Relatório Anual- Vítimas a 30 dias/Évora 2011- vítimas a 30 dias.pdf,Évora 2011- vítimas a 30 dias.pdf,pdf,False
2011,Faro,http://www.ansr.pt/Estatisticas/RelatoriosDeSinistralidade/Documents/2011/Relatório Anual- Vítimas a 30 dias/Faro 2011- vítimas a 30 dias.pdf,Faro 2011- vítimas a 30 dias.pdf,pdf,False
2011,Guarda,http://www.ansr.pt/Estatisticas/RelatoriosDeSinistralidade/Documents/2011/Relatório Anual- Vítimas a 30 dias/Guarda 2011- vítimas a 30 dias.pdf,Guarda 2011- vítimas a 30 dias.pdf,pdf,False
2011,Leiria,http://www.ansr.pt/Estatisticas/RelatoriosDeSinistralidade/Documents/2011/Relatório Anual- Vítimas a 30 dias/Leiria 2011- vítimas a 30 dias.pdf,Leiria 2011- vítimas a 30 dias.pdf,pdf,False
2011,Lisboa,http://www.ansr.pt/Estatisticas/RelatoriosDeSinistralidade/Documents/2011/Relatório Anual- Vítimas a 30 dias/Lisboa 2011- vítimas a 30 dias.pdf,Lisboa 2011- vítimas a 30 dias.pdf,pdf,False
2011,Portalegre,http://www.ansr.pt/Estatisticas/RelatoriosDeSinistralidade/Documents/2011/Relatório Anual- Vítimas a 30 dias/Portalegre 2011- vítimas a 30 dias.pdf,Portalegre 2011- vítimas a 30 dias.pdf,pdf,False
2011,Porto,http://www.ansr.pt/Estatisticas/RelatoriosDeSinistralidade/Documents/2011/Relatório Anual- Vítimas a 30 dias/Porto 2011- vítimas a 30 dias.pdf,Porto 2011- vítimas a 30 dias.pdf,pdf,False
2011,Santarém,http://www.ansr.pt/Estatisticas/RelatoriosDeSinistralidade/Documents/2011/Relatório Anual- Vítimas a 30 dias/Santarém 2011- vítimas a 30 dias.pdf,Santarém 2011- vítimas a 30 dias.pdf,pdf,False
2011,Setúbal,http://www.ansr.pt/Estatisticas/RelatoriosDeSinistralidade/Documents/2011/Relatório Anual- Vítimas a 30 dias/Setúbal 2011- vítimas a 30 dias.pdf,Setúbal 2011- vítimas a 30 dias.pdf,pdf,False
2011,Viana Castelo,http://www.ansr.pt/Estatisticas/RelatoriosDeSinistralidade/Documents/2011/Relatório Anual- Vítimas a 30 dias/Viana Castelo 2011- vítimas a 30 dias.pdf,Viana Castelo 2011- vítimas a 30 dias.pdf,pdf,False
2011,Vila Real,http://www.ansr.pt/Estatisticas/RelatoriosDeSinistralidade/Documents/2011/Relatório Anual- Vítimas a 30 dias/Vila Real 2011- vítimas a 30 dias.pdf,Vila Real 2011- vítimas a 30 dias.pdf,pdf,False
2011,Viseu,http://www.ansr.pt/Estatisticas/RelatoriosDeSinistralidade/Documents/2011/Relatório Anual- Vítimas a 30 dias/Viseu 2011- vítimas a 30 dias.pdf,Viseu 2011- vítimas a 30 dias.pdf,pdf,False
2011,Relatório Nacional Anual,http://www.ansr.pt/Estatisticas/RelatoriosDeSinistralidade/Documents/2011/Relatório Anual- Vítimas a 30 dias/Relatório Nacional Anual 2011- Vítimas a 30 dias.pdf,Relatório Nacional Anual 2011- Vítimas a 30 dias.pdf,pdf,False
2010,Aveiro,http://www.ansr.pt/Estatisticas/RelatoriosDeSinistralidade/Documents/2010/Relatório Anual- Vítimas a 30 dias/Aveiro 2010- vítimas a 30 dias.pdf,Aveiro 2010- vítimas a 30 dias.pdf,pdf,False
2010,Beja,http://www.ansr.pt/Estatisticas/RelatoriosDeSinistralidade/Documents/2010/Relatório Anual- Vítimas a 30 dias/Beja 2010- vítimas a 30 dias.pdf,Beja 2010- vítimas a 30 dias.pdf,pdf,False
2010,Braga,http://www.ansr.pt/Estatisticas/RelatoriosDeSinistralidade/Documents/2010/Relatório Anual- Vítimas a 30 dias/Braga 2010- vítimas a 30 dias.pdf,Braga 2010- vítimas a 30 dias.pdf,pdf,False
2010,Bragança,http://www.ansr.pt/Estatisticas/RelatoriosDeSinistralidade/Documents/2010/Relatório Anual- Vítimas a 30 dias/Bragança 2010- vítimas a 30 dias.pdf,Bragança 2010- vítimas a 30 dias.pdf,pdf,False
2010,Castelo Branco,http://www.ansr.pt/Estatisticas/RelatoriosDeSinistralidade/Documents/2010/Relatório Anual- Vítimas a 30 dias/Castelo Branco 2010- vítimas a 30 dias.pdf,Castelo Branco 2010- vítimas a 30 dias.pdf,pdf,False
2010,Coimbra,http://www.ansr.pt/Estatisticas/RelatoriosDeSinistralidade/Documents/2010/Relatório Anual- Vítimas a 30 dias/Coimbra 2010- vítimas a 30 dias.pdf,Coimbra 2010- vítimas a 30 dias.pdf,pdf,False
2010,Évora,http://www.ansr.pt/Estatisticas/RelatoriosDeSinistralidade/Documents/2010/Relatório Anual- Vítimas a 30 dias/Évora 2010- vítimas a 30 dias.pdf,Évora 2010- vítimas a 30 dias.pdf,pdf,False
2010,Faro,http://www.ansr.pt/Estatisticas/RelatoriosDeSinistralidade/Documents/2010/Relatório Anual- Vítimas a 30 dias/Faro 2010- vítimas a 30 dias.pdf,Faro 2010- vítimas a 30 dias.pdf,pdf,False
2010,Guarda,http://www.ansr.pt/Estatisticas/RelatoriosDeSinistralidade/Documents/2010/Relatório Anual- Vítimas a 30 dias/Guarda 2010- vítimas a 30 dias.pdf,Guarda 2010- vítimas a 30 dias.pdf,pdf,False
2010,Leiria,http://www.ansr.pt/Estatisticas/RelatoriosDeSinistralidade/Documents/2010/Relatório Anual- Vítimas a 30 dias/Leiria 2010- vítimas a 30 dias.pdf,Leiria 2010- vítimas a 30 dias.pdf,pdf,False
2010,Lisboa,http://www.ansr.pt/Estatisticas/RelatoriosDeSinistralidade/Documents/2010/Relatório Anual- Vítimas a 30 dias/Lisboa 2010- vítimas a 30 dias.pdf,Lisboa 2010- vítimas a 30 dias.pdf,pdf,False
2010,Portalegre,http://www.ansr.pt/Estatisticas/RelatoriosDeSinistralidade/Documents/2010/Relatório Anual- Vítimas a 30 dias/Portalegre 2010- vítimas a 30 dias.pdf,Portalegre 2010- vítimas a 30 dias.pdf,pdf,False
2010,Porto,http://www.ansr.pt/Estatisticas/RelatoriosDeSinistralidade/Documents/2010/Relatório Anual- Vítimas a 30 dias/Porto 2010- vítimas a 30 dias.pdf,Porto 2010- vítimas a 30 dias.pdf,pdf,False
2010,Santarém,http://www.ansr.pt/Estatisticas/RelatoriosDeSinistralidade/Documents/2010/Relatório Anual- Vítimas a 30 dias/Santarém 2010- vítimas a 30 dias.pdf,Santarém 2010- vítimas a 30 dias.pdf,pdf,False
2010,Setúbal,http://www.ansr.pt/Estatisticas/RelatoriosDeSinistralidade/Documents/2010/Relatório Anual- Vítimas a 30 dias/Setúbal 2010- vítimas a 30 dias.pdf,Setúbal 2010- vítimas a 30 dias.pdf,pdf,False
2010,Viana do Castelo,http://www.ansr.pt/Estatisticas/RelatoriosDeSinistralidade/Documents/2010/Relatório Anual- Vítimas a 30 dias/Viana do Castelo 2010- vítimas a 30 dias.pdf,Viana do Castelo 2010- vítimas a 30 dias.pdf,pdf,False
2010,Vila Real,http://www.ansr.pt/Estatisticas/RelatoriosDeSinistralidade/Documents/2010/Relatório Anual- Vítimas a 30 dias/Vila Real 2010- vítimas a 30 dias.pdf,Vila Real 2010- vítimas a 30 dias.pdf,pdf,False
2010,Viseu,http://www.ansr.pt/Estatisticas/RelatoriosDeSinistralidade/Documents/2010/Relatório Anual- Vítimas a 30 dias/Viseu 2010- vítimas a 30 dias.pdf,Viseu 2010- vítimas a 30 dias.pdf,pdf,False
2010,Relatório Nacional Anual,http://www.ansr.pt/Estatisticas/RelatoriosDeSinistralidade/Documents/2010/Relatório Anual- Vítimas a 30 dias/RelatorioNacional_Vitimas30Dias_2010.pdf,RelatorioNacional_Vitimas30Dias_2010.pdf,pdf,False
2010,Aveiro,http://www.ansr.pt/Estatisticas/RelatoriosDeSinistralidade/Documents/2010/Relatório Anual- Vítimas a 24 horas/Aveiro 2010- vítimas a 24 horas.pdf,Aveiro 2010- vítimas a 24 horas.pdf,pdf,False
2010,Beja,http://www.ansr.pt/Estatisticas/RelatoriosDeSinistralidade/Documents/2010/Relatório Anual- Vítimas a 24 horas/Beja 2010- vítimas a 24 horas.pdf,Beja 2010- vítimas a 24 horas.pdf,pdf,False
2010,Braga,http://www.ansr.pt/Estatisticas/RelatoriosDeSinistralidade/Documents/2010/Relatório Anual- Vítimas a 24 horas/Braga 2010- vítimas a 24 horas.pdf,Braga 2010- vítimas a 24 horas.pdf,pdf,False
2010,Bragança,http://www.ansr.pt/Estatisticas/RelatoriosDeSinistralidade/Documents/2010/Relatório Anual- Vítimas a 24 horas/Bragança 2010- vítimas a 24 horas.pdf,Bragança 2010- vítimas a 24 horas.pdf,pdf,False
2010,Castelo Branco,http://www.ansr.pt/Estatisticas/RelatoriosDeSinistralidade/Documents/2010/Relatório Anual- Vítimas a 24 horas/Castelo Branco 2010- vítimas a 24 horas.pdf,Castelo Branco 2010- vítimas a 24 horas.pdf,pdf,False
2010,Coimbra,http://www.ansr.pt/Estatisticas/RelatoriosDeSinistralidade/Documents/2010/Relatório Anual- Vítimas a 24 horas/Coimbra 2010- vítimas a 24 horas.pdf,Coimbra 2010- vítimas a 24 horas.pdf,pdf,False
2010,Évora,http://www.ansr.pt/Estatisticas/RelatoriosDeSinistralidade/Documents/2010/Relatório Anual- Vítimas a 24 horas/Évora 2010- vítimas a 24 horas.pdf,Évora 2010- vítimas a 24 horas.pdf,pdf,False
2010,Faro,http://www.ansr.pt/Estatisticas/RelatoriosDeSinistralidade/Documents/2010/Relatório Anual- Vítimas a 24 horas/Faro 2010- vítimas a 24 horas.pdf,Faro 2010- vítimas a 24 horas.pdf,pdf,False
2010,Guarda,http://www.ansr.pt/Estatisticas/RelatoriosDeSinistralidade/Documents/2010/Relatório Anual- Vítimas a 24 horas/Guarda 2010- vítimas a 24 horas.pdf,Guarda 2010- vítimas a 24 horas.pdf,pdf,False
2010,Leiria,http://www.ansr.pt/Estatisticas/RelatoriosDeSinistralidade/Documents/2010/Relatório Anual- Vítimas a 24 horas/Leiria 2010- vítimas a 24 horas.pdf,Leiria 2010- vítimas a 24 horas.pdf,pdf,False
2010,Lisboa,http://www.ansr.pt/Estatisticas/RelatoriosDeSinistralidade/Documents/2010/Relatório Anual- Vítimas a 24 horas/Lisboa 2010- vítimas a 24 horas.pdf,Lisboa 2010- vítimas a 24 horas.pdf,pdf,False
2010,Portalegre,http://www.ansr.pt/Estatisticas/RelatoriosDeSinistralidade/Documents/2010/Relatório Anual- Vítimas a 24 horas/Portalegre 2010- vítimas a 24 horas.pdf,Portalegre 2010- vítimas a 24 horas.pdf,pdf,False
2010,Porto,http://www.ansr.pt/Estatisticas/RelatoriosDeSinistralidade/Documents/2010/Relatório Anual- Vítimas a 24 horas/Porto 2010- vítimas a 24 horas.pdf,Porto 2010- vítimas a 24 horas.pdf,pdf,False
2010,Santarém,http://www.ansr.pt/Estatisticas/RelatoriosDeSinistralidade/Documents/2010/Relatório Anual- Vítimas a 24 horas/Santarém 2010- vítimas a 24 horas.pdf,Santarém 2010- vítimas a 24 horas.pdf,pdf,False
2010,Setúbal,http://www.ansr.pt/Estatisticas/RelatoriosDeSinistralidade/Documents/2010/Relatório Anual- Vítimas a 24 horas/Setúbal 2010- vítimas a 24 horas.pdf,Setúbal 2010- vítimas a 24 horas.pdf,pdf,False
2010,Viana do Castelo,http://www.ansr.pt/Estatisticas/RelatoriosDeSinistralidade/Documents/2010/Relatório Anual- Vítimas a 24 horas/Viana do Castelo 2010- vítimas a 24 horas.pdf,Viana do Castelo 2010- vítimas a 24 horas.pdf,pdf,False
2010,Vila Real,http://www.ansr.pt/Estatisticas/RelatoriosDeSinistralidade/Documents/2010/Relatório Anual- Vítimas a 24 horas/Vila Real 2010- vítimas a 24 horas.pdf,Vila Real 2010- vítimas a 24 horas.pdf,pdf,False
2010,Viseu,http://www.ansr.pt/Estatisticas/RelatoriosDeSinistralidade/Documents/2010/Relatório Anual- Vítimas a 24 horas/Viseu 2010- vítimas a 24 horas.pdf,Viseu 2010- vítimas a 24 horas.pdf,pdf,False
2010,Relatório Nacional Anual,http://www.ansr.pt/Estatisticas/RelatoriosDeSinistralidade/Documents/2010/Relatório Anual- Vítimas a 24 horas/Rel_anual_2010.pdf,Rel_anual_2010.pdf,pdf,False
2009,Relatório Anual,http://www.ansr.pt/Estatisticas/RelatoriosDeSinistralidade/Documents/2009/Relatório Anual/Relatório Anual 2009.pdf,Relatório Anual 2009.pdf,pdf,False
2009,Aveiro,http://www.ansr.pt/Estatisticas/RelatoriosDeSinistralidade/Documents/2009/Relatório Anual por Distrito/Aveiro 2009.pdf,Aveiro 2009.pdf,pdf,False
2009,Beja,http://www.ansr.pt/Estatisticas/RelatoriosDeSinistralidade/Documents/2009/Relatório Anual por Distrito/Beja 2009.pdf,Beja 2009.pdf,pdf,False
2009,Braga,http://www.ansr.pt/Estatisticas/RelatoriosDeSinistralidade/Documents/2009/Relatório Anual por Distrito/Braga 2009.pdf,Braga 2009.pdf,pdf,False
2009,Bragança,http://www.ansr.pt/Estatisticas/RelatoriosDeSinistralidade/Documents/2009/Relatório Anual por Distrito/Bragança 2009.pdf,Bragança 2009.pdf,pdf,False
2009,Castelo Branco,http://www.ansr.pt/Estatisticas/RelatoriosDeSinistralidade/Documents/2009/Relatório Anual por Distrito/Castelo Branco 2009.pdf,Castelo Branco 2009.pdf,pdf,False
2009,Coimbra,http://www.ansr.pt/Estatisticas/RelatoriosDeSinistralidade/Documents/2009/Relatório Anual por Distrito/Coimbra 2009.pdf,Coimbra 2009.pdf,pdf,False
2009,Évora,http://www.ansr.pt/Estatisticas/RelatoriosDeSinistralidade/Documents/2009/Relatório Anual por Distrito/Évora 2009.pdf,Évora 2009.pdf,pdf,False
2009,Faro,http://www.ansr.pt/Estatisticas/RelatoriosDeSinistralidade/Documents/2009/Relatório Anual por Distrito/Faro 2009.pdf,Faro 2009.pdf,pdf,False
2009,Guarda,http://www.ansr.pt/Estatisticas/RelatoriosDeSinistralidade/Documents/2009/Relatório Anual por Distrito/Guarda 2009.pdf,Guarda 2009.pdf,pdf,False
2009,Leiria,http://www.ansr.pt/Estatisticas/RelatoriosDeSinistralidade/Documents/2009/Relatório Anual por Distrito/Leiria 2009.pdf,Leiria 2009.pdf,pdf,False
2009,Lisboa,http://www.ansr.pt/Estatisticas/RelatoriosDeSinistralidade/Documents/2009/Relatório Anual por Distrito/Lisboa 2009.pdf,Lisboa 2009.pdf,pdf,False
2009,Portalegre,http://www.ansr.pt/Estatisticas/RelatoriosDeSinistralidade/Documents/2009/Relatório Anual por Distrito/Portalegre 2009.pdf,Portalegre 2009.pdf,pdf,False
2009,Porto,http://www.ansr.pt/Estatisticas/RelatoriosDeSinistralidade/Documents/2009/Relatório Anual por Distrito/Porto 2009.pdf,Porto 2009.pdf,pdf,False
2009,Santarém,http://www.ansr.pt/Estatisticas/RelatoriosDeSinistralidade/Documents/2009/Relatório Anual por Distrito/Santarém 2009.pdf,Santarém 2009.pdf,pdf,False
2009,Setúbal,http://www.ansr.pt/Estatisticas/RelatoriosDeSinistralidade/Documents/2009/Relatório Anual por Distrito/Setúbal 2009.pdf,Setúbal 2009.pdf,pdf,False
2009,Viana do Castelo,http://www.ansr.pt/Estatisticas/RelatoriosDeSinistralidade/Documents/2009/Relatório Anual por Distrito/Viana do Castelo 2009.pdf,Viana do Castelo 2009.pdf,pdf,False
2009,Vila Real,http://www.ansr.pt/Estatisticas/RelatoriosDeSinistralidade/Documents/2009/Relatório Anual por Distrito/Vila Real 2009.pdf,Vila Real 2009.pdf,pdf,False
2009,Viseu,http://www.ansr.pt/Estatisticas/RelatoriosDeSinistralidade/Documents/2009/Relatório Anual por Distrito/Viseu 2009.pdf,Viseu 2009.pdf,pdf,False
2008,Relatório Anual,http://www.ansr.pt/Estatisticas/RelatoriosDeSinistralidade/Documents/2008/Relatório Anual/Relatório Anual 2008.pdf,Relatório Anual 2008.pdf,pdf,False
2008,Aveiro,http://www.ansr.pt/Estatisticas/RelatoriosDeSinistralidade/Documents/2008/Relatório Anual por Distrito/Aveiro 2008.pdf,Aveiro 2008.pdf,pdf,False
2008,Beja,http://www.ansr.pt/Estatisticas/RelatoriosDeSinistralidade/Documents/2008/Relatório Anual por Distrito/Beja 2008.pdf,Beja 2008.pdf,pdf,False
2008,Braga,http://www.ansr.pt/Estatisticas/RelatoriosDeSinistralidade/Documents/2008/Relatório Anual por Distrito/Braga 2008.pdf,Braga 2008.pdf,pdf,False
2008,Bragança,http://www.ansr.pt/Estatisticas/RelatoriosDeSinistralidade/Documents/2008/Relatório Anual por Distrito/Bragança 2008.pdf,Bragança 2008.pdf,pdf,False
2008,Castelo Branco,http://www.ansr.pt/Estatisticas/RelatoriosDeSinistralidade/Documents/2008/Relatório Anual por Distrito/Castelo Branco 2008.pdf,Castelo Branco 2008.pdf,pdf,False
2008,Coimbra,http://www.ansr.pt/Estatisticas/RelatoriosDeSinistralidade/Documents/2008/Relatório Anual por Distrito/Coimbra 2008.pdf,Coimbra 2008.pdf,pdf,False
2008,Évora,http://www.ansr.pt/Estatisticas/RelatoriosDeSinistralidade/Documents/2008/Relatório Anual por Distrito/Évora 2008.pdf,Évora 2008.pdf,pdf,False
2008,Faro,http://www.ansr.pt/Estatisticas/RelatoriosDeSinistralidade/Documents/2008/Relatório Anual por Distrito/Faro 2008.pdf,Faro 2008.pdf,pdf,False
2008,Guarda,http://www.ansr.pt/Estatisticas/RelatoriosDeSinistralidade/Documents/2008/Relatório Anual por Distrito/Guarda 2008.pdf,Guarda 2008.pdf,pdf,False
2008,Leiria,http://www.ansr.pt/Estatisticas/RelatoriosDeSinistralidade/Documents/2008/Relatório Anual por Distrito/Leiria 2008.pdf,Leiria 2008.pdf,pdf,False
2008,Lisboa,http://www.ansr.pt/Estatisticas/RelatoriosDeSinistralidade/Documents/2008/Relatório Anual por Distrito/Lisboa 2008.pdf,Lisboa 2008.pdf,pdf,False
2008,Portalegre,http://www.ansr.pt/Estatisticas/RelatoriosDeSinistralidade/Documents/2008/Relatório Anual por Distrito/Portalegre 2008.pdf,Portalegre 2008.pdf,pdf,False
2008,Porto,http://www.ansr.pt/Estatisticas/RelatoriosDeSinistralidade/Documents/2008/Relatório Anual por Distrito/Porto 2008.pdf,Porto 2008.pdf,pdf,False
2008,Santarém,http://www.ansr.pt/Estatisticas/RelatoriosDeSinistralidade/Documents/2008/Relatório Anual por Distrito/Santarém 2008.pdf,Santarém 2008.pdf,pdf,False
2008,Setúbal,http://www.ansr.pt/Estatisticas/RelatoriosDeSinistralidade/Documents/2008/Relatório Anual por Distrito/Setúbal 2008.pdf,Setúbal 2008.pdf,pdf,False
2008,Viana do Castelo,http://www.ansr.pt/Estatisticas/RelatoriosDeSinistralidade/Documents/2008/Relatório Anual por Distrito/Viana do Castelo 2008.pdf,Viana do Castelo 2008.pdf,pdf,False
2008,Vila Real,http://www.ansr.pt/Estatisticas/RelatoriosDeSinistralidade/Documents/2008/Relatório Anual por Distrito/Vila Real 2008.pdf,Vila Real 2008.pdf,pdf,False
2008,Viseu,http://www.ansr.pt/Estatisticas/RelatoriosDeSinistralidade/Documents/2008/Relatório Anual por Distrito/Viseu 2008.pdf,Viseu 2008.pdf,pdf,False
2007,Relatório Anual,http://www.ansr.pt/Estatisticas/RelatoriosDeSinistralidade/Documents/2007/Relatório Anual/Relatório Anual 2007.pdf,Relatório Anual 2007.pdf,pdf,False
2007,Aveiro,http://www.ansr.pt/Estatisticas/RelatoriosDeSinistralidade/Documents/2007/Relatório Anual por Distrito/Aveiro 2007.pdf,Aveiro 2007.pdf,pdf,False
2007,Beja,http://www.ansr.pt/Estatisticas/RelatoriosDeSinistralidade/Documents/2007/Relatório Anual por Distrito/Beja 2007.pdf,Beja 2007.pdf,pdf,False
2007,Braga,http://www.ansr.pt/Estatisticas/RelatoriosDeSinistralidade/Documents/2007/Relatório Anual por Distrito/Braga 2007.pdf,Braga 2007.pdf,pdf,False
2007,Bragança,http://www.ansr.pt/Estatisticas/RelatoriosDeSinistralidade/Documents/2007/Relatório Anual por Distrito/Bragança 2007.pdf,Bragança 2007.pdf,pdf,False
2007,Castelo Branco,http://www.ansr.pt/Estatisticas/RelatoriosDeSinistralidade/Documents/2007/Relatório Anual por Distrito/Castelo Branco 2007.pdf,Castelo Branco 2007.pdf,pdf,False
2007,Coimbra,http://www.ansr.pt/Estatisticas/RelatoriosDeSinistralidade/Documents/2007/Relatório Anual por Distrito/Coimbra 2007.pdf,Coimbra 2007.pdf,pdf,False
2007,Évora,http://www.ansr.pt/Estatisticas/RelatoriosDeSinistralidade/Documents/2007/Relatório Anual por Distrito/Évora 2007.pdf,Évora 2007.pdf,pdf,False
2007,Faro,http://www.ansr.pt/Estatisticas/RelatoriosDeSinistralidade/Documents/2007/Relatório Anual por Distrito/Faro 2007.pdf,Faro 2007.pdf,pdf,False
2007,Guarda,http://www.ansr.pt/Estatisticas/RelatoriosDeSinistralidade/Documents/2007/Relatório Anual por Distrito/Guarda 2007.pdf,Guarda 2007.pdf,pdf,False
2007,Leiria,http://www.ansr.pt/Estatisticas/RelatoriosDeSinistralidade/Documents/2007/Relatório Anual por Distrito/Leiria 2007.pdf,Leiria 2007.pdf,pdf,False
2007,Lisboa,http://www.ansr.pt/Estatisticas/RelatoriosDeSinistralidade/Documents/2007/Relatório Anual por Distrito/Lisboa 2007.pdf,Lisboa 2007.pdf,pdf,False
2007,Portalegre,http://www.ansr.pt/Estatisticas/RelatoriosDeSinistralidade/Documents/2007/Relatório Anual por Distrito/Portalegre 2007.pdf,Portalegre 2007.pdf,pdf,False
2007,Porto,http://www.ansr.pt/Estatisticas/RelatoriosDeSinistralidade/Documents/2007/Relatório Anual por Distrito/Porto 2007.pdf,Porto 2007.pdf,pdf,False
2007,Santarém,http://www.ansr.pt/Estatisticas/RelatoriosDeSinistralidade/Documents/2007/Relatório Anual por Distrito/Santarém 2007.pdf,Santarém 2007.pdf,pdf,False
2007,Setúbal,http://www.ansr.pt/Estatisticas/RelatoriosDeSinistralidade/Documents/2007/Relatório Anual por Distrito/Setúbal 2007.pdf,Setúbal 2007.pdf,pdf,False
2007,Viana do Castelo,http://www.ansr.pt/Estatisticas/RelatoriosDeSinistralidade/Documents/2007/Relatório Anual por Distrito/Viana do Castelo 2007.pdf,Viana do Castelo 2007.pdf,pdf,False
2007,Vila Real,http://www.ansr.pt/Estatisticas/RelatoriosDeSinistralidade/Documents/2007/Relatório Anual por Distrito/Vila Real 2007.pdf,Vila Real 2007.pdf,pdf,False
2007,Viseu,http://www.ansr.pt/Estatisticas/RelatoriosDeSinistralidade/Documents/2007/Relatório Anual por Distrito/Viseu 2007.pdf,Viseu 2007.pdf,pdf,False
2006,Relatório Anual (PDF),http://www.ansr.pt/Estatisticas/RelatoriosDeSinistralidade/Documents/2006/Relatório Anual/Relatório Anual 2006 (PDF).pdf,Relatório Anual 2006 (PDF).pdf,pdf,False
2006,Relatório Anual (ZIP),http://www.ansr.pt/Estatisticas/RelatoriosDeSinistralidade/Documents/2006/Relatório Anual/relatório Anual 2006 (ZIP).zip,relatório Anual 2006 (ZIP).zip,zip,False
2006,Aveiro,http://www.ansr.pt/Estatisticas/RelatoriosDeSinistralidade/Documents/2006/Relatório Anual por Distrito/Aveiro 2006.pdf,Aveiro 2006.pdf,pdf,False
2006,Beja,http://www.ansr.pt/Estatisticas/RelatoriosDeSinistralidade/Documents/2006/Relatório Anual por Distrito/Beja 2006.pdf,Beja 2006.pdf,pdf,False
2006,Braga,http://www.ansr.pt/Estatisticas/RelatoriosDeSinistralidade/Documents/2006/Relatório Anual por Distrito/Braga 2006.pdf,Braga 2006.pdf,pdf,False
2006,Bragança,http://www.ansr.pt/Estatisticas/RelatoriosDeSinistralidade/Documents/2006/Relatório Anual por Distrito/Bragança 2006.pdf,Bragança 2006.pdf,pdf,False
2006,Castelo Branco,http://www.ansr.pt/Estatisticas/RelatoriosDeSinistralidade/Documents/2006/Relatório Anual por Distrito/Castelo Branco 2006.pdf,Castelo Branco 2006.pdf,pdf,False
2006,Coimbra,http://www.ansr.pt/Estatisticas/RelatoriosDeSinistralidade/Documents/2006/Relatório Anual por Distrito/Coimbra 2006.pdf,Coimbra 2006.pdf,pdf,False
2006,Évora,http://www.ansr.pt/Estatisticas/RelatoriosDeSinistralidade/Documents/2006/Relatório Anual por Distrito/Évora 2006.pdf,Évora 2006.pdf,pdf,False
2006,Faro,http://www.ansr.pt/Estatisticas/RelatoriosDeSinistralidade/Documents/2006/Relatório Anual por Distrito/Faro 2006.pdf,Faro 2006.pdf,pdf,False
2006,Guarda,http://www.ansr.pt/Estatisticas/RelatoriosDeSinistralidade/Documents/2006/Relatório Anual por Distrito/Guarda 2006.pdf,Guarda 2006.pdf,pdf,False
2006,Leiria,http://www.ansr.pt/Estatisticas/RelatoriosDeSinistralidade/Documents/2006/Relatório Anual por Distrito/Leiria 2006.pdf,Leiria 2006.pdf,pdf,False
2006,Lisboa,http://www.ansr.pt/Estatisticas/RelatoriosDeSinistralidade/Documents/2006/Relatório Anual por Distrito/Lisboa 2006.pdf,Lisboa 2006.pdf,pdf,False
2006,Portalegre,http://www.ansr.pt/Estatisticas/RelatoriosDeSinistralidade/Documents/2006/Relatório Anual por Distrito/Portalegre 2006.pdf,Portalegre 2006.pdf,pdf,False
2006,Porto,http://www.ansr.pt/Estatisticas/RelatoriosDeSinistralidade/Documents/2006/Relatório Anual por Distrito/Porto 2006.pdf,Porto 2006.pdf,pdf,False
2006,Santarém,http://www.ansr.pt/Estatisticas/RelatoriosDeSinistralidade/Documents/2006/Relatório Anual por Distrito/Santarém 2006.pdf,Santarém 2006.pdf,pdf,False
2006,Setúbal,http://www.ansr.pt/Estatisticas/RelatoriosDeSinistralidade/Documents/2006/Relatório Anual por Distrito/Setúbal 2006.pdf,Setúbal 2006.pdf,pdf,False
2006,Viana do Castelo,http://www.ansr.pt/Estatisticas/RelatoriosDeSinistralidade/Documents/2006/Relatório Anual por Distrito/Viana do Castelo 2006.pdf,Viana do Castelo 2006.pdf,pdf,False
2006,Vila Real,http://www.ansr.pt/Estatisticas/RelatoriosDeSinistralidade/Documents/2006/Relatório Anual por Distrito/Vila Real 2006.pdf,Vila Real 2006.pdf,pdf,False
2006,Viseu,http://www.ansr.pt/Estatisticas/RelatoriosDeSinistralidade/Documents/2006/Relatório Anual por Distrito/Viseu 2006.pdf,Viseu 2006.pdf,pdf,False
2005,Relatório Anual  (PDF),http://www.ansr.pt/Estatisticas/RelatoriosDeSinistralidade/Documents/2005/Relatório Anual/Relatório Anual 2005 (PDF).pdf,Relatório Anual 2005 (PDF).pdf,pdf,False
2005,Relatório Anual (ZIP),http://www.ansr.pt/Estatisticas/RelatoriosDeSinistralidade/Documents/2005/Relatório Anual/Relatório Anual 2005 (ZIP).zip,Relatório Anual 2005 (ZIP).zip,zip,False
2005,Aveiro,http://www.ansr.pt/Estatisticas/RelatoriosDeSinistralidade/Documents/2005/Relatório Anual por Distrito/Aveiro 2005.pdf,Aveiro 2005.pdf,pdf,False
2005,Beja,http://www.ansr.pt/Estatisticas/RelatoriosDeSinistralidade/Documents/2005/Relatório Anual por Distrito/Beja 2005.pdf,Beja 2005.pdf,pdf,False
2005,Braga,http://www.ansr.pt/Estatisticas/RelatoriosDeSinistralidade/Documents/2005/Relatório Anual por Distrito/Braga 2005.pdf,Braga 2005.pdf,pdf,False
2005,Bragança,http://www.ansr.pt/Estatisticas/RelatoriosDeSinistralidade/Documents/2005/Relatório Anual por Distrito/Bragança 2005.pdf,Bragança 2005.pdf,pdf,False
2005,Castelo Branco,http://www.ansr.pt/Estatisticas/RelatoriosDeSinistralidade/Documents/2005/Relatório Anual por Distrito/Castelo Branco 2005.pdf,Castelo Branco 2005.pdf,pdf,False
2005,Coimbra,http://www.ansr.pt/Estatisticas/RelatoriosDeSinistralidade/Documents/2005/Relatório Anual por Distrito/Coimbra 2005.pdf,Coimbra 2005.pdf,pdf,False
2005,Évora,http://www.ansr.pt/Estatisticas/RelatoriosDeSinistralidade/Documents/2005/Relatório Anual por Distrito/Évora 2005.pdf,Évora 2005.pdf,pdf,False
2005,Faro,http://www.ansr.pt/Estatisticas/RelatoriosDeSinistralidade/Documents/2005/Relatório Anual por Distrito/Faro 2005.pdf,Faro 2005.pdf,pdf,False
2005,Guarda,http://www.ansr.pt/Estatisticas/RelatoriosDeSinistralidade/Documents/2005/Relatório Anual por Distrito/Guarda 2005.pdf,Guarda 2005.pdf,pdf,False
2005,Leiria,http://www.ansr.pt/Estatisticas/RelatoriosDeSinistralidade/Documents/2005/Relatório Anual por Distrito/Leiria 2005.pdf,Leiria 2005.pdf,pdf,False
2005,Lisboa,http://www.ansr.pt/Estatisticas/RelatoriosDeSinistralidade/Documents/2005/Relatório Anual por Distrito/Lisboa 2005.pdf,Lisboa 2005.pdf,pdf,False
2005,Portalegre,http://www.ansr.pt/Estatisticas/RelatoriosDeSinistralidade/Documents/2005/Relatório Anual por Distrito/Portalegre 2005.pdf,Portalegre 2005.pdf,pdf,False
2005,Porto,http://www.ansr.pt/Estatisticas/RelatoriosDeSinistralidade/Documents/2005/Relatório Anual por Distrito/Porto 2005.pdf,Porto 2005.pdf,pdf,False
2005,Santarém,http://www.ansr.pt/Estatisticas/RelatoriosDeSinistralidade/Documents/2005/Relatório Anual por Distrito/Santarém 2005.pdf,Santarém 2005.pdf,pdf,False
2005,Setúbal,http://www.ansr.pt/Estatisticas/RelatoriosDeSinistralidade/Documents/2005/Relatório Anual por Distrito/Setúbal 2005.pdf,Setúbal 2005.pdf,pdf,False
2005,Viana do Castelo,http://www.ansr.pt/Estatisticas/RelatoriosDeSinistralidade/Documents/2005/Relatório Anual por Distrito/Viana do Castelo 2005.pdf,Viana do Castelo 2005.pdf,pdf,False
2005,Vila Real,http://www.ansr.pt/Estatisticas/RelatoriosDeSinistralidade/Documents/2005/Relatório Anual por Distrito/Vila Real 2005.pdf,Vila Real 2005.pdf,pdf,False
2005,Viseu,http://www.ansr.pt/Estatisticas/RelatoriosDeSinistralidade/Documents/2005/Relatório Anual por Distrito/Viseu 2005.pdf,Viseu 2005.pdf,pdf,False
2004,Relatório Anual (PDF),http://www.ansr.pt/Estatisticas/RelatoriosDeSinistralidade/Documents/2004/Relatório Anual/Relatório Anual 2004 (PDF).pdf,Relatório Anual 2004 (PDF).pdf,pdf,False
2004,Relatório Anual (ZIP),http://www.ansr.pt/Estatisticas/RelatoriosDeSinistralidade/Documents/2004/Relatório Anual/Relatório Anual 2004 (ZIP).zip,Relatório Anual 2004 (ZIP).zip,zip,False
2004,Aveiro,http://www.ansr.pt/Estatisticas/RelatoriosDeSinistralidade/Documents/2004/Relatório Anual por Distrito/Aveiro 2004.pdf,Aveiro 2004.pdf,pdf,False
2004,Beja,http://www.ansr.pt/Estatisticas/RelatoriosDeSinistralidade/Documents/2004/Relatório Anual por Distrito/Beja 2004.pdf,Beja 2004.pdf,pdf,False
2004,Braga,http://www.ansr.pt/Estatisticas/RelatoriosDeSinistralidade/Documents/2004/Relatório Anual por Distrito/Braga 2004.pdf,Braga 2004.pdf,pdf,False
2004,Bragança,http://www.ansr.pt/Estatisticas/RelatoriosDeSinistralidade/Documents/2004/Relatório Anual por Distrito/Bragança 2004.pdf,Bragança 2004.pdf,pdf,False
2004,Castelo Branco,http://www.ansr.pt/Estatisticas/RelatoriosDeSinistralidade/Documents/2004/Relatório Anual por Distrito/Castelo Branco 2004.pdf,Castelo Branco 2004.pdf,pdf,False
2004,Coimbra,http://www.ansr.pt/Estatisticas/RelatoriosDeSinistralidade/Documents/2004/Relatório Anual por Distrito/Coimbra 2004.pdf,Coimbra 2004.pdf,pdf,False
2004,Évora,http://www.ansr.pt/Estatisticas/RelatoriosDeSinistralidade/Documents/2004/Relatório Anual por Distrito/Évora.pdf,Évora.pdf,pdf,False
2004,Faro,http://www.ansr.pt/Estatisticas/RelatoriosDeSinistralidade/Documents/2004/Relatório Anual por Distrito/Faro 2004.pdf,Faro 2004.pdf,pdf,False
2004,Guarda,http://www.ansr.pt/Estatisticas/RelatoriosDeSinistralidade/Documents/2004/Relatório Anual por Distrito/Guarda 2004.pdf,Guarda 2004.pdf,pdf,False
2004,Leiria,http://www.ansr.pt/Estatisticas/RelatoriosDeSinistralidade/Documents/2004/Relatório Anual por Distrito/Leiria 2004.pdf,Leiria 2004.pdf,pdf,False
2004,Lisboa,http://www.ansr.pt/Estatisticas/RelatoriosDeSinistralidade/Documents/2004/Relatório Anual por Distrito/Lisboa 2004.pdf,Lisboa 2004.pdf,pdf,False
2004,Portalegre,http://www.ansr.pt/Estatisticas/RelatoriosDeSinistralidade/Documents/2004/Relatório Anual por Distrito/Portalegre 2004.pdf,Portalegre 2004.pdf,pdf,False
2004,Porto,http://www.ansr.pt/Estatisticas/RelatoriosDeSinistralidade/Documents/2004/Relatório Anual por Distrito/Porto 2004.pdf,Porto 2004.pdf,pdf,False
2004,Santarém,http://www.ansr.pt/Estatisticas/RelatoriosDeSinistralidade/Documents/2004/Relatório Anual por Distrito/Santarém 2004.pdf,Santarém 2004.pdf,pdf,False
2004,Setúbal,http://www.ansr.pt/Estatisticas/RelatoriosDeSinistralidade/Documents/2004/Relatório Anual por Distrito/Setúbal 2004.pdf,Setúbal 2004.pdf,pdf,False
2004,Viana do Castelo,http://www.ansr.pt/Estatisticas/RelatoriosDeSinistralidade/Documents/2004/Relatório Anual por Distrito/Viana do Castelo 2004.pdf,Viana do Castelo 2004.pdf,pdf,False
2004,Vila Real,http://www.ansr.pt/Estatisticas/RelatoriosDeSinistralidade/Documents/2004/Relatório Anual por Distrito/Vila Real 2004.pdf,Vila Real 2004.pdf,pdf,False
2004,Viseu,http://www.ansr.pt/Estatisticas/RelatoriosDeSinistralidade/Documents/2004/Relatório Anual por Distrito/Viseu 2004.pdf,Viseu 2004.pdf,pdf,False
2003,Relatório Anual (PDF),http://www.ansr.pt/Estatisticas/RelatoriosDeSinistralidade/Documents/2003/Relatório Anual/Relatório Anual 2003 (PDF).pdf,Relatório Anual 2003 (PDF).pdf,pdf,False
2003,Relatório Anual (ZIP),http://www.ansr.pt/Estatisticas/RelatoriosDeSinistralidade/Documents/2003/Relatório Anual/Relatório Anual 2003 (ZIP).zip,Relatório Anual 2003 (ZIP).zip,zip,False
2002,Relatório Anual (PDF),http://www.ansr.pt/Estatisticas/RelatoriosDeSinistralidade/Documents/2002/Relatório Anual/Relatório Anual 2002 (PDF).pdf,Relatório Anual 2002 (PDF).pdf,pdf,False
2002,relatório Anual (ZIP),http://www.ansr.pt/Estatisticas/RelatoriosDeSinistralidade/Documents/2002/Relatório Anual/relatório Anual 2002 (ZIP).zip,relatório Anual 2002 (ZIP).zip,zip,False
2001,Relatório Anual (ZIP),http://www.ansr.pt/Estatisticas/RelatoriosDeSinistralidade/Documents/2001/Relatório Anual/Relatório Anual 2001 (ZIP).zip,Relatório Anual 2001 (ZIP).zip,zip,False
2001,Relatório Anual (PDF),http://www.ansr.pt/Estatisticas/RelatoriosDeSinistralidade/Documents/2001/Relatório Anual/Relatório Anual 2001(PDF).pdf,Relatório Anual 2001(PDF).pdf,pdf,False
2000,Relatório Anual (PDF),http://www.ansr.pt/Estatisticas/RelatoriosDeSinistralidade/Documents/2000/Relatório Anual/Relatório Anual 2000 (PDF).pdf,Relatório Anual 2000 (PDF).pdf,pdf,False
2000,Relatório Anual (ZIP),http://www.ansr.pt/Estatisticas/RelatoriosDeSinistralidade/Documents/2000/Relatório Anual/Relatório Anual 2000 (ZIP).zip,Relatório Anual 2000 (ZIP).zip,zip,False
1999,Relatório Anual (PDF),http://www.ansr.pt/Estatisticas/RelatoriosDeSinistralidade/Documents/1999/Relatório Anual/Relatório Anual 1999 (PDF).pdf,Relatório Anual 1999 (PDF).pdf,pdf,False
1999,Relatório Anual (ZIP),http://www.ansr.pt/Estatisticas/RelatoriosDeSinistralidade/Documents/1999/Relatório Anual/Relatório Anual 1999 (ZIP).zip,Relatório Anual 1999 (ZIP).zip,zip,False
